DROP DATABASE IF EXISTS `pig`;

CREATE DATABASE  `pig` DEFAULT CHARACTER SET utf8mb4 COLLATE utf8mb4_general_ci;

SET NAMES utf8mb4;
SET FOREIGN_KEY_CHECKS = 0;

USE `pig`;


DROP TABLE IF EXISTS `sys_area`;
CREATE TABLE `sys_area` (
  `id` bigint unsigned NOT NULL COMMENT 'дё»й”®ID',
  `pid` bigint unsigned NOT NULL DEFAULT '0' COMMENT 'зҲ¶ID',
  `name` varchar(255) CHARACTER SET utf8mb4 COLLATE utf8mb4_general_ci NOT NULL DEFAULT '' COMMENT 'ең°еҢәеҗҚз§°',
  `letter` varchar(255) CHARACTER SET utf8mb4 COLLATE utf8mb4_general_ci DEFAULT '' COMMENT 'ең°еҢәеӯ—жҜҚ',
  `adcode` bigint NOT NULL COMMENT 'й«ҳеҫ·ең°еҢәcode',
  `location` varchar(255) CHARACTER SET utf8mb4 COLLATE utf8mb4_general_ci DEFAULT '' COMMENT 'з»Ҹзә¬еәҰ',
  `area_sort` bigint DEFAULT NULL COMMENT 'жҺ’еәҸеҖј',
  `area_status` char(1) CHARACTER SET utf8mb4 COLLATE utf8mb4_general_ci NOT NULL DEFAULT '1' COMMENT '0:жңӘз”ҹж•ҲпјҢ1:з”ҹж•Ҳ',
  `area_type` char(1) CHARACTER SET utf8mb4 COLLATE utf8mb4_general_ci NOT NULL DEFAULT '0' COMMENT '0:еӣҪе®¶,1:зңҒ,2:еҹҺеёӮ,3:еҢәеҺҝ',
  `hot` char(1) CHARACTER SET utf8mb4 COLLATE utf8mb4_general_ci NOT NULL DEFAULT '0' COMMENT '0:йқһзғӯй—ЁпјҢ1:зғӯй—Ё',
  `city_code` varchar(30) CHARACTER SET utf8mb4 COLLATE utf8mb4_general_ci DEFAULT '' COMMENT 'еҹҺеёӮзј–з Ғ',
  `create_by` varchar(64) CHARACTER SET utf8mb4 COLLATE utf8mb4_general_ci COMMENT 'еҲӣе»әдәә',
  `create_time` datetime COMMENT 'еҲӣе»әж—¶й—ҙ',
  `update_by` varchar(64) CHARACTER SET utf8mb4 COLLATE utf8mb4_general_ci DEFAULT NULL COMMENT 'жӣҙж–°ж—¶й—ҙ',
  `update_time` datetime DEFAULT NULL COMMENT 'жӣҙж–°ж—¶й—ҙ',
  `del_flag` char(1) CHARACTER SET utf8mb4 COLLATE utf8mb4_general_ci DEFAULT '0' COMMENT 'еҲ йҷӨж Үи®°',
  PRIMARY KEY (`id`)
) ENGINE=InnoDB DEFAULT CHARSET=utf8mb4 COLLATE=utf8mb4_general_ci ROW_FORMAT=DYNAMIC COMMENT='иЎҢж”ҝеҢәеҲ’иЎЁ';

BEGIN;
INSERT INTO `sys_area` (`id`, `pid`, `name`, `letter`, `adcode`, `location`, `area_sort`, `area_status`, `area_type`, `hot`, `city_code`, `create_by`, `create_time`, `update_by`, `update_time`, `del_flag`) VALUES (1, 0, 'е…ЁеӣҪ', '', 100000, '', NULL, '1', '0', '0', '', '2023-11-09 03:50:52', '2023-11-09 03:50:52', 'admin', '2024-02-17 12:45:08', '0');
INSERT INTO `sys_area` (`id`, `pid`, `name`, `letter`, `adcode`, `location`, `area_sort`, `area_status`, `area_type`, `hot`, `city_code`, `create_by`, `create_time`, `update_by`, `update_time`, `del_flag`) VALUES (2, 100000, 'еҢ—дә¬еёӮ', '', 110000, '', NULL, '1', '1', '1', '', '2023-11-09 03:50:52', '2023-11-09 03:50:52', 'admin', '2024-02-17 12:45:12', '0');
INSERT INTO `sys_area` (`id`, `pid`, `name`, `letter`, `adcode`, `location`, `area_sort`, `area_status`, `area_type`, `hot`, `city_code`, `create_by`, `create_time`, `update_by`, `update_time`, `del_flag`) VALUES (3, 100000, 'еӨ©жҙҘеёӮ', '', 120000, '', NULL, '1', '1', '0', '', '2023-11-09 03:50:52', '2023-11-09 03:50:52', NULL, NULL, '0');
INSERT INTO `sys_area` (`id`, `pid`, `name`, `letter`, `adcode`, `location`, `area_sort`, `area_status`, `area_type`, `hot`, `city_code`, `create_by`, `create_time`, `update_by`, `update_time`, `del_flag`) VALUES (4, 100000, 'жІіеҢ—зңҒ', '', 130000, '', NULL, '1', '1', '0', '', '2023-11-09 03:50:52', '2023-11-09 03:50:52', NULL, NULL, '0');
INSERT INTO `sys_area` (`id`, `pid`, `name`, `letter`, `adcode`, `location`, `area_sort`, `area_status`, `area_type`, `hot`, `city_code`, `create_by`, `create_time`, `update_by`, `update_time`, `del_flag`) VALUES (5, 100000, 'еұұиҘҝзңҒ', '', 140000, '', NULL, '1', '1', '0', '', '2023-11-09 03:50:52', '2023-11-09 03:50:52', NULL, NULL, '0');
INSERT INTO `sys_area` (`id`, `pid`, `name`, `letter`, `adcode`, `location`, `area_sort`, `area_status`, `area_type`, `hot`, `city_code`, `create_by`, `create_time`, `update_by`, `update_time`, `del_flag`) VALUES (6, 100000, 'еҶ…и’ҷеҸӨиҮӘжІ»еҢә', '', 150000, '', NULL, '1', '1', '0', '', '2023-11-09 03:50:52', '2023-11-09 03:50:52', NULL, NULL, '0');
INSERT INTO `sys_area` (`id`, `pid`, `name`, `letter`, `adcode`, `location`, `area_sort`, `area_status`, `area_type`, `hot`, `city_code`, `create_by`, `create_time`, `update_by`, `update_time`, `del_flag`) VALUES (7, 100000, 'иҫҪе®ҒзңҒ', '', 210000, '', NULL, '1', '1', '0', '', '2023-11-09 03:50:52', '2023-11-09 03:50:52', NULL, NULL, '0');
INSERT INTO `sys_area` (`id`, `pid`, `name`, `letter`, `adcode`, `location`, `area_sort`, `area_status`, `area_type`, `hot`, `city_code`, `create_by`, `create_time`, `update_by`, `update_time`, `del_flag`) VALUES (8, 100000, 'еҗүжһ—зңҒ', '', 220000, '', NULL, '1', '1', '0', '', '2023-11-09 03:50:52', '2023-11-09 03:50:52', 'admin', '2024-02-16 23:16:23', '0');
INSERT INTO `sys_area` (`id`, `pid`, `name`, `letter`, `adcode`, `location`, `area_sort`, `area_status`, `area_type`, `hot`, `city_code`, `create_by`, `create_time`, `update_by`, `update_time`, `del_flag`) VALUES (9, 100000, 'й»‘йҫҷжұҹзңҒ', '', 230000, '', NULL, '1', '1', '0', '', '2023-11-09 03:50:52', '2023-11-09 03:50:52', NULL, NULL, '0');
INSERT INTO `sys_area` (`id`, `pid`, `name`, `letter`, `adcode`, `location`, `area_sort`, `area_status`, `area_type`, `hot`, `city_code`, `create_by`, `create_time`, `update_by`, `update_time`, `del_flag`) VALUES (10, 100000, 'дёҠжө·еёӮ', '', 310000, '', NULL, '1', '1', '0', '', '2023-11-09 03:50:52', '2023-11-09 03:50:52', NULL, NULL, '0');
INSERT INTO `sys_area` (`id`, `pid`, `name`, `letter`, `adcode`, `location`, `area_sort`, `area_status`, `area_type`, `hot`, `city_code`, `create_by`, `create_time`, `update_by`, `update_time`, `del_flag`) VALUES (11, 100000, 'жұҹиӢҸзңҒ', '', 320000, '', NULL, '1', '1', '0', '', '2023-11-09 03:50:52', '2023-11-09 03:50:52', NULL, NULL, '0');
INSERT INTO `sys_area` (`id`, `pid`, `name`, `letter`, `adcode`, `location`, `area_sort`, `area_status`, `area_type`, `hot`, `city_code`, `create_by`, `create_time`, `update_by`, `update_time`, `del_flag`) VALUES (12, 100000, 'жөҷжұҹзңҒ', '', 330000, '', NULL, '1', '1', '0', '', '2023-11-09 03:50:52', '2023-11-09 03:50:52', NULL, NULL, '0');
INSERT INTO `sys_area` (`id`, `pid`, `name`, `letter`, `adcode`, `location`, `area_sort`, `area_status`, `area_type`, `hot`, `city_code`, `create_by`, `create_time`, `update_by`, `update_time`, `del_flag`) VALUES (13, 100000, 'е®үеҫҪзңҒ', '', 340000, '', NULL, '1', '1', '0', '', '2023-11-09 03:50:52', '2023-11-09 03:50:52', NULL, NULL, '0');
INSERT INTO `sys_area` (`id`, `pid`, `name`, `letter`, `adcode`, `location`, `area_sort`, `area_status`, `area_type`, `hot`, `city_code`, `create_by`, `create_time`, `update_by`, `update_time`, `del_flag`) VALUES (14, 100000, 'зҰҸе»әзңҒ', '', 350000, '', NULL, '1', '1', '0', '', '2023-11-09 03:50:52', '2023-11-09 03:50:52', NULL, NULL, '0');
INSERT INTO `sys_area` (`id`, `pid`, `name`, `letter`, `adcode`, `location`, `area_sort`, `area_status`, `area_type`, `hot`, `city_code`, `create_by`, `create_time`, `update_by`, `update_time`, `del_flag`) VALUES (15, 100000, 'жұҹиҘҝзңҒ', '', 360000, '', NULL, '1', '1', '0', '', '2023-11-09 03:50:52', '2023-11-09 03:50:52', NULL, NULL, '0');
INSERT INTO `sys_area` (`id`, `pid`, `name`, `letter`, `adcode`, `location`, `area_sort`, `area_status`, `area_type`, `hot`, `city_code`, `create_by`, `create_time`, `update_by`, `update_time`, `del_flag`) VALUES (16, 100000, 'еұұдёңзңҒ', '', 370000, '', 100, '1', '1', '1', '', '2023-11-09 03:50:52', '2023-11-09 03:50:52', 'admin', '2024-02-17 13:13:25', '0');
INSERT INTO `sys_area` (`id`, `pid`, `name`, `letter`, `adcode`, `location`, `area_sort`, `area_status`, `area_type`, `hot`, `city_code`, `create_by`, `create_time`, `update_by`, `update_time`, `del_flag`) VALUES (17, 100000, 'жІіеҚ—зңҒ', '', 410000, '', NULL, '1', '1', '0', '', '2023-11-09 03:50:52', '2023-11-09 03:50:52', NULL, NULL, '0');
INSERT INTO `sys_area` (`id`, `pid`, `name`, `letter`, `adcode`, `location`, `area_sort`, `area_status`, `area_type`, `hot`, `city_code`, `create_by`, `create_time`, `update_by`, `update_time`, `del_flag`) VALUES (18, 100000, 'ж№–еҢ—зңҒ', '', 420000, '', NULL, '1', '1', '0', '', '2023-11-09 03:50:52', '2023-11-09 03:50:52', NULL, NULL, '0');
INSERT INTO `sys_area` (`id`, `pid`, `name`, `letter`, `adcode`, `location`, `area_sort`, `area_status`, `area_type`, `hot`, `city_code`, `create_by`, `create_time`, `update_by`, `update_time`, `del_flag`) VALUES (19, 100000, 'ж№–еҚ—зңҒ', '', 430000, '', NULL, '1', '1', '0', '', '2023-11-09 03:50:52', '2023-11-09 03:50:52', NULL, NULL, '0');
INSERT INTO `sys_area` (`id`, `pid`, `name`, `letter`, `adcode`, `location`, `area_sort`, `area_status`, `area_type`, `hot`, `city_code`, `create_by`, `create_time`, `update_by`, `update_time`, `del_flag`) VALUES (20, 100000, 'е№ҝдёңзңҒ', '', 440000, '', NULL, '1', '1', '0', '', '2023-11-09 03:50:52', '2023-11-09 03:50:52', NULL, NULL, '0');
INSERT INTO `sys_area` (`id`, `pid`, `name`, `letter`, `adcode`, `location`, `area_sort`, `area_status`, `area_type`, `hot`, `city_code`, `create_by`, `create_time`, `update_by`, `update_time`, `del_flag`) VALUES (21, 100000, 'е№ҝиҘҝеЈ®ж—ҸиҮӘжІ»еҢә', '', 450000, '', NULL, '1', '1', '0', '', '2023-11-09 03:50:52', '2023-11-09 03:50:52', NULL, NULL, '0');
INSERT INTO `sys_area` (`id`, `pid`, `name`, `letter`, `adcode`, `location`, `area_sort`, `area_status`, `area_type`, `hot`, `city_code`, `create_by`, `create_time`, `update_by`, `update_time`, `del_flag`) VALUES (22, 100000, 'жө·еҚ—зңҒ', '', 460000, '', NULL, '1', '1', '0', '', '2023-11-09 03:50:52', '2023-11-09 03:50:52', NULL, NULL, '0');
INSERT INTO `sys_area` (`id`, `pid`, `name`, `letter`, `adcode`, `location`, `area_sort`, `area_status`, `area_type`, `hot`, `city_code`, `create_by`, `create_time`, `update_by`, `update_time`, `del_flag`) VALUES (23, 100000, 'йҮҚеәҶеёӮ', '', 500000, '', NULL, '1', '1', '0', '', '2023-11-09 03:50:52', '2023-11-09 03:50:52', NULL, NULL, '0');
INSERT INTO `sys_area` (`id`, `pid`, `name`, `letter`, `adcode`, `location`, `area_sort`, `area_status`, `area_type`, `hot`, `city_code`, `create_by`, `create_time`, `update_by`, `update_time`, `del_flag`) VALUES (24, 100000, 'еӣӣе·қзңҒ', '', 510000, '', NULL, '1', '1', '0', '', '2023-11-09 03:50:52', '2023-11-09 03:50:52', NULL, NULL, '0');
INSERT INTO `sys_area` (`id`, `pid`, `name`, `letter`, `adcode`, `location`, `area_sort`, `area_status`, `area_type`, `hot`, `city_code`, `create_by`, `create_time`, `update_by`, `update_time`, `del_flag`) VALUES (25, 100000, 'иҙөе·һзңҒ', '', 520000, '', NULL, '1', '1', '0', '', '2023-11-09 03:50:52', '2023-11-09 03:50:52', NULL, NULL, '0');
INSERT INTO `sys_area` (`id`, `pid`, `name`, `letter`, `adcode`, `location`, `area_sort`, `area_status`, `area_type`, `hot`, `city_code`, `create_by`, `create_time`, `update_by`, `update_time`, `del_flag`) VALUES (26, 100000, 'дә‘еҚ—зңҒ', '', 530000, '', NULL, '1', '1', '0', '', '2023-11-09 03:50:52', '2023-11-09 03:50:52', NULL, NULL, '0');
INSERT INTO `sys_area` (`id`, `pid`, `name`, `letter`, `adcode`, `location`, `area_sort`, `area_status`, `area_type`, `hot`, `city_code`, `create_by`, `create_time`, `update_by`, `update_time`, `del_flag`) VALUES (27, 100000, 'иҘҝи—ҸиҮӘжІ»еҢә', '', 540000, '', NULL, '1', '1', '0', '', '2023-11-09 03:50:52', '2023-11-09 03:50:52', NULL, NULL, '0');
INSERT INTO `sys_area` (`id`, `pid`, `name`, `letter`, `adcode`, `location`, `area_sort`, `area_status`, `area_type`, `hot`, `city_code`, `create_by`, `create_time`, `update_by`, `update_time`, `del_flag`) VALUES (28, 100000, 'йҷ•иҘҝзңҒ', '', 610000, '', NULL, '1', '1', '0', '', '2023-11-09 03:50:52', '2023-11-09 03:50:52', NULL, NULL, '0');
INSERT INTO `sys_area` (`id`, `pid`, `name`, `letter`, `adcode`, `location`, `area_sort`, `area_status`, `area_type`, `hot`, `city_code`, `create_by`, `create_time`, `update_by`, `update_time`, `del_flag`) VALUES (29, 100000, 'з”ҳиӮғзңҒ', '', 620000, '', NULL, '1', '1', '0', '', '2023-11-09 03:50:52', '2023-11-09 03:50:52', NULL, NULL, '0');
INSERT INTO `sys_area` (`id`, `pid`, `name`, `letter`, `adcode`, `location`, `area_sort`, `area_status`, `area_type`, `hot`, `city_code`, `create_by`, `create_time`, `update_by`, `update_time`, `del_flag`) VALUES (30, 100000, 'йқ’жө·зңҒ', '', 630000, '', NULL, '1', '1', '0', '', '2023-11-09 03:50:52', '2023-11-09 03:50:52', NULL, NULL, '0');
INSERT INTO `sys_area` (`id`, `pid`, `name`, `letter`, `adcode`, `location`, `area_sort`, `area_status`, `area_type`, `hot`, `city_code`, `create_by`, `create_time`, `update_by`, `update_time`, `del_flag`) VALUES (31, 100000, 'е®ҒеӨҸеӣһж—ҸиҮӘжІ»еҢә', '', 640000, '', NULL, '1', '1', '0', '', '2023-11-09 03:50:52', '2023-11-09 03:50:52', NULL, NULL, '0');
COMMIT;

-- ----------------------------
-- Table structure for sys_audit_log
-- ----------------------------
DROP TABLE IF EXISTS `sys_audit_log`;
CREATE TABLE `sys_audit_log` (
  `id` bigint(20) NOT NULL COMMENT 'дё»й”®',
  `audit_name` varchar(255) CHARACTER SET utf8mb4 COLLATE utf8mb4_general_ci NOT NULL COMMENT 'е®Ўи®ЎеҗҚз§°',
  `audit_field` varchar(255) CHARACTER SET utf8mb4 COLLATE utf8mb4_general_ci NOT NULL COMMENT 'еӯ—ж®өеҗҚз§°',
  `before_val` varchar(255) CHARACTER SET utf8mb4 COLLATE utf8mb4_general_ci DEFAULT NULL COMMENT 'еҸҳжӣҙеүҚеҖј',
  `after_val` varchar(255) CHARACTER SET utf8mb4 COLLATE utf8mb4_general_ci DEFAULT NULL COMMENT 'еҸҳжӣҙеҗҺеҖј',
  `create_by` varchar(64) CHARACTER SET utf8mb4 COLLATE utf8mb4_general_ci DEFAULT NULL COMMENT 'ж“ҚдҪңдәә',
  `create_time` datetime COMMENT 'ж“ҚдҪңж—¶й—ҙ',
  `del_flag` char(1) CHARACTER SET utf8mb4 COLLATE utf8mb4_general_ci NOT NULL COMMENT 'еҲ йҷӨж Үи®°',
  PRIMARY KEY (`id`)
) ENGINE=InnoDB DEFAULT CHARSET=utf8mb4 COLLATE=utf8mb4_general_ci COMMENT='е®Ўи®Ўи®°еҪ•иЎЁ';

-- ----------------------------
-- Records of sys_audit_log
-- ----------------------------
BEGIN;
COMMIT;

-- ----------------------------
-- Table structure for sys_dept
-- ----------------------------
DROP TABLE IF EXISTS `sys_dept`;
CREATE TABLE `sys_dept` (
  `dept_id` bigint(20) NOT NULL COMMENT 'йғЁй—ЁID',
  `name` varchar(50) CHARACTER SET utf8mb4 COLLATE utf8mb4_general_ci DEFAULT NULL COMMENT 'йғЁй—ЁеҗҚз§°',
  `sort_order` int(11) NOT NULL DEFAULT '0' COMMENT 'жҺ’еәҸ',
  `create_by` varchar(64) CHARACTER SET utf8 COLLATE utf8_general_ci DEFAULT ' ' COMMENT 'еҲӣе»әдәә',
  `update_by` varchar(64) CHARACTER SET utf8 COLLATE utf8_general_ci DEFAULT ' ' COMMENT 'дҝ®ж”№дәә',
  `create_time` datetime DEFAULT NULL COMMENT 'еҲӣе»әж—¶й—ҙ',
  `update_time` datetime DEFAULT NULL COMMENT 'дҝ®ж”№ж—¶й—ҙ',
  `del_flag` char(1) CHARACTER SET utf8mb4 COLLATE utf8mb4_general_ci DEFAULT '0' COMMENT 'еҲ йҷӨж Үеҝ—',
  `parent_id` bigint(20) DEFAULT NULL COMMENT 'зҲ¶зә§йғЁй—ЁID',
  PRIMARY KEY (`dept_id`) USING BTREE
) ENGINE=InnoDB DEFAULT CHARSET=utf8mb4 COLLATE=utf8mb4_general_ci COMMENT='йғЁй—Ёз®ЎзҗҶ';

-- ----------------------------
-- Records of sys_dept
-- ----------------------------
BEGIN;
INSERT INTO `sys_dept` VALUES (1, 'жҖ»иЈҒеҠһ', 1, 'admin', 'admin', '2023-04-03 13:04:47', '2023-04-03 13:07:49', '0', 0);
INSERT INTO `sys_dept` VALUES (2, 'жҠҖжңҜйғЁ', 2, 'admin', 'admin', '2023-04-03 13:04:47', '2023-04-03 13:04:47', '0', 1);
INSERT INTO `sys_dept` VALUES (3, 'еёӮеңәйғЁ', 3, 'admin', 'admin', '2023-04-03 13:04:47', '2023-04-03 13:04:47', '0', 1);
INSERT INTO `sys_dept` VALUES (4, 'й”Җе”®йғЁ', 4, 'admin', 'admin', '2023-04-03 13:04:47', '2023-04-03 13:04:47', '0', 1);
INSERT INTO `sys_dept` VALUES (5, 'иҙўеҠЎйғЁ', 5, 'admin', 'admin', '2023-04-03 13:04:47', '2023-04-03 13:04:47', '0', 1);
INSERT INTO `sys_dept` VALUES (6, 'дәәдәӢиЎҢж”ҝйғЁ', 6, 'admin', 'admin', '2023-04-03 13:04:47', '2023-04-03 13:53:36', '1', 1);
INSERT INTO `sys_dept` VALUES (7, 'з ”еҸ‘йғЁ', 7, 'admin', 'admin', '2023-04-03 13:04:47', '2023-04-03 13:04:47', '0', 2);
INSERT INTO `sys_dept` VALUES (8, 'UIи®ҫи®ЎйғЁ', 11, 'admin', 'admin', '2023-04-03 13:04:47', '2023-04-03 13:04:47', '0', 7);
INSERT INTO `sys_dept` VALUES (9, 'дә§е“ҒйғЁ', 12, 'admin', 'admin', '2023-04-03 13:04:47', '2023-04-03 13:04:47', '0', 2);
INSERT INTO `sys_dept` VALUES (10, 'жё йҒ“йғЁ', 13, 'admin', 'admin', '2023-04-03 13:04:47', '2023-04-03 13:04:47', '0', 3);
INSERT INTO `sys_dept` VALUES (11, 'жҺЁе№ҝйғЁ', 14, 'admin', 'admin', '2023-04-03 13:04:47', '2023-04-03 13:04:47', '0', 3);
INSERT INTO `sys_dept` VALUES (12, 'е®ўжңҚйғЁ', 15, 'admin', 'admin', '2023-04-03 13:04:47', '2023-04-03 13:04:47', '0', 4);
INSERT INTO `sys_dept` VALUES (13, 'иҙўеҠЎдјҡи®ЎйғЁ', 16, 'admin', 'admin', '2023-04-03 13:04:47', '2023-04-03 13:04:47', '0', 5);
INSERT INTO `sys_dept` VALUES (14, 'е®Ўи®ЎйЈҺжҺ§йғЁ', 17, 'admin', 'admin', '2023-04-03 13:04:47', '2023-04-03 14:06:57', '0', 5);
COMMIT;

-- ----------------------------
-- Table structure for sys_dict
-- ----------------------------
DROP TABLE IF EXISTS `sys_dict`;
CREATE TABLE `sys_dict` (
  `id` bigint(20) NOT NULL COMMENT 'зј–еҸ·',
  `dict_type` varchar(100) CHARACTER SET utf8mb4 COLLATE utf8mb4_general_ci DEFAULT NULL COMMENT 'еӯ—е…ёзұ»еһӢ',
  `description` varchar(100) CHARACTER SET utf8mb4 COLLATE utf8mb4_general_ci DEFAULT NULL COMMENT 'жҸҸиҝ°',
  `create_by` varchar(64) CHARACTER SET utf8 COLLATE utf8_general_ci DEFAULT ' ' COMMENT 'еҲӣе»әдәә',
  `update_by` varchar(64) CHARACTER SET utf8 COLLATE utf8_general_ci DEFAULT ' ' COMMENT 'дҝ®ж”№дәә',
  `create_time` datetime DEFAULT NULL COMMENT 'еҲӣе»әж—¶й—ҙ',
  `update_time` datetime DEFAULT NULL COMMENT 'жӣҙж–°ж—¶й—ҙ',
  `remarks` varchar(255) CHARACTER SET utf8mb4 COLLATE utf8mb4_general_ci DEFAULT NULL COMMENT 'еӨҮжіЁдҝЎжҒҜ',
  `system_flag` char(1) CHARACTER SET utf8mb4 COLLATE utf8mb4_general_ci DEFAULT '0' COMMENT 'зі»з»ҹж Үеҝ—',
  `del_flag` char(1) CHARACTER SET utf8mb4 COLLATE utf8mb4_general_ci DEFAULT '0' COMMENT 'еҲ йҷӨж Үеҝ—',
  PRIMARY KEY (`id`) USING BTREE,
  KEY `sys_dict_del_flag` (`del_flag`) USING BTREE
) ENGINE=InnoDB DEFAULT CHARSET=utf8mb4 COLLATE=utf8mb4_general_ci COMMENT='еӯ—е…ёиЎЁ';

-- ----------------------------
-- Records of sys_dict
-- ----------------------------
BEGIN;
INSERT INTO `sys_dict` VALUES (1, 'log_type', 'ж—Ҙеҝ—зұ»еһӢ', ' ', ' ', '2019-03-19 11:06:44', '2019-03-19 11:06:44', 'ејӮеёёгҖҒжӯЈеёё', '1', '0');
INSERT INTO `sys_dict` VALUES (2, 'social_type', 'зӨҫдәӨзҷ»еҪ•', ' ', ' ', '2019-03-19 11:09:44', '2019-03-19 11:09:44', 'еҫ®дҝЎгҖҒQQ', '1', '0');
INSERT INTO `sys_dict` VALUES (3, 'job_type', 'е®ҡж—¶д»»еҠЎзұ»еһӢ', ' ', ' ', '2019-03-19 11:22:21', '2019-03-19 11:22:21', 'quartz', '1', '0');
INSERT INTO `sys_dict` VALUES (4, 'job_status', 'е®ҡж—¶д»»еҠЎзҠ¶жҖҒ', ' ', ' ', '2019-03-19 11:24:57', '2019-03-19 11:24:57', 'еҸ‘еёғзҠ¶жҖҒгҖҒиҝҗиЎҢзҠ¶жҖҒ', '1', '0');
INSERT INTO `sys_dict` VALUES (5, 'job_execute_status', 'е®ҡж—¶д»»еҠЎжү§иЎҢзҠ¶жҖҒ', ' ', ' ', '2019-03-19 11:26:15', '2019-03-19 11:26:15', 'жӯЈеёёгҖҒејӮеёё', '1', '0');
INSERT INTO `sys_dict` VALUES (6, 'misfire_policy', 'е®ҡж—¶д»»еҠЎй”ҷеӨұжү§иЎҢзӯ–з•Ҙ', ' ', ' ', '2019-03-19 11:27:19', '2019-03-19 11:27:19', 'е‘Ёжңҹ', '1', '0');
INSERT INTO `sys_dict` VALUES (7, 'gender', 'жҖ§еҲ«', ' ', ' ', '2019-03-27 13:44:06', '2019-03-27 13:44:06', 'еҫ®дҝЎз”ЁжҲ·жҖ§еҲ«', '1', '0');
INSERT INTO `sys_dict` VALUES (8, 'subscribe', 'и®ўйҳ…зҠ¶жҖҒ', ' ', ' ', '2019-03-27 13:48:33', '2019-03-27 13:48:33', 'е…¬дј—еҸ·и®ўйҳ…зҠ¶жҖҒ', '1', '0');
INSERT INTO `sys_dict` VALUES (9, 'response_type', 'еӣһеӨҚ', ' ', ' ', '2019-03-28 21:29:21', '2019-03-28 21:29:21', 'еҫ®дҝЎж¶ҲжҒҜжҳҜеҗҰе·ІеӣһеӨҚ', '1', '0');
INSERT INTO `sys_dict` VALUES (10, 'param_type', 'еҸӮж•°й…ҚзҪ®', ' ', ' ', '2019-04-29 18:20:47', '2019-04-29 18:20:47', 'жЈҖзҙўгҖҒеҺҹж–ҮгҖҒжҠҘиЎЁгҖҒе®үе…ЁгҖҒж–ҮжЎЈгҖҒж¶ҲжҒҜгҖҒе…¶д»–', '1', '0');
INSERT INTO `sys_dict` VALUES (11, 'status_type', 'з§ҹжҲ·зҠ¶жҖҒ', ' ', ' ', '2019-05-15 16:31:08', '2019-05-15 16:31:08', 'з§ҹжҲ·зҠ¶жҖҒ', '1', '0');
INSERT INTO `sys_dict` VALUES (12, 'dict_type', 'еӯ—е…ёзұ»еһӢ', ' ', ' ', '2019-05-16 14:16:20', '2019-05-16 14:20:16', 'зі»з»ҹзұ»дёҚиғҪдҝ®ж”№', '1', '0');
INSERT INTO `sys_dict` VALUES (13, 'channel_type', 'ж”Ҝд»ҳзұ»еһӢ', ' ', ' ', '2019-05-16 14:16:20', '2019-05-16 14:20:16', 'зі»з»ҹзұ»дёҚиғҪдҝ®ж”№', '1', '0');
INSERT INTO `sys_dict` VALUES (14, 'grant_types', 'жҺҲжқғзұ»еһӢ', ' ', ' ', '2019-08-13 07:34:10', '2019-08-13 07:34:10', NULL, '1', '0');
INSERT INTO `sys_dict` VALUES (15, 'style_type', 'еүҚз«ҜйЈҺж ј', ' ', ' ', '2020-02-07 03:49:28', '2020-02-07 03:50:40', '0-Avue 1-element', '1', '0');
INSERT INTO `sys_dict` VALUES (16, 'captcha_flag_types', 'йӘҢиҜҒз ҒејҖе…і', ' ', ' ', '2020-11-18 06:53:25', '2020-11-18 06:53:25', 'жҳҜеҗҰж ЎйӘҢйӘҢиҜҒз Ғ', '1', '0');
INSERT INTO `sys_dict` VALUES (17, 'enc_flag_types', 'еүҚз«ҜеҜҶз ҒеҠ еҜҶ', ' ', ' ', '2020-11-18 06:54:44', '2020-11-18 06:54:44', 'еүҚз«ҜеҜҶз ҒжҳҜеҗҰеҠ еҜҶдј иҫ“', '1', '0');
INSERT INTO `sys_dict` VALUES (18, 'lock_flag', 'з”ЁжҲ·зҠ¶жҖҒ', 'admin', ' ', '2023-02-01 16:55:31', NULL, NULL, '1', '0');
INSERT INTO `sys_dict` VALUES (19, 'ds_config_type', 'ж•°жҚ®иҝһжҺҘзұ»еһӢ', 'admin', ' ', '2023-02-06 18:36:59', NULL, NULL, '1', '0');
INSERT INTO `sys_dict` VALUES (20, 'common_status', 'йҖҡз”ЁзҠ¶жҖҒ', 'admin', ' ', '2023-02-09 11:02:08', NULL, NULL, '1', '0');
INSERT INTO `sys_dict` VALUES (21, 'app_social_type', 'appзӨҫдәӨзҷ»еҪ•', 'admin', ' ', '2023-02-10 11:11:06', NULL, 'appзӨҫдәӨзҷ»еҪ•', '1', '0');
INSERT INTO `sys_dict` VALUES (22, 'yes_no_type', 'жҳҜеҗҰ', 'admin', ' ', '2023-02-20 23:25:04', NULL, NULL, '1', '0');
INSERT INTO `sys_dict` VALUES (23, 'repType', 'еҫ®дҝЎж¶ҲжҒҜзұ»еһӢ', 'admin', ' ', '2023-02-24 15:08:25', NULL, NULL, '0', '0');
INSERT INTO `sys_dict` VALUES (24, 'leave_status', 'иҜ·еҒҮзҠ¶жҖҒ', 'admin', ' ', '2023-03-02 22:50:15', NULL, NULL, '0', '0');
INSERT INTO `sys_dict` VALUES (25, 'schedule_type', 'ж—ҘзЁӢзұ»еһӢ', 'admin', ' ', '2023-03-06 14:49:18', NULL, NULL, '0', '0');
INSERT INTO `sys_dict` VALUES (26, 'schedule_status', 'ж—ҘзЁӢзҠ¶жҖҒ', 'admin', ' ', '2023-03-06 14:52:57', NULL, NULL, '0', '0');
INSERT INTO `sys_dict` VALUES (27, 'ds_type', 'д»Јз Ғз”ҹжҲҗеҷЁж”ҜжҢҒзҡ„ж•°жҚ®еә“зұ»еһӢ', 'admin', ' ', '2023-03-12 09:57:59', NULL, NULL, '1', '0');
INSERT INTO `sys_dict` VALUES (28, 'message_type', 'ж¶ҲжҒҜзұ»еһӢ', 'admin', ' ', '2023-10-27 10:29:48', NULL, NULL, '1', '0');
INSERT INTO `sys_dict` VALUES (29, 'sensitive_type', 'ж•Ҹж„ҹиҜҚзұ»еһӢ', 'admin', ' ', '2023-10-27 10:29:48', NULL, NULL, '1', '0');
COMMIT;

-- ----------------------------
-- Table structure for sys_dict_item
-- ----------------------------
DROP TABLE IF EXISTS `sys_dict_item`;
CREATE TABLE `sys_dict_item` (
  `id` bigint(20) NOT NULL COMMENT 'зј–еҸ·',
  `dict_id` bigint(20) NOT NULL COMMENT 'еӯ—е…ёID',
  `item_value` varchar(100) CHARACTER SET utf8mb4 COLLATE utf8mb4_general_ci DEFAULT NULL COMMENT 'еӯ—е…ёйЎ№еҖј',
  `label` varchar(100) CHARACTER SET utf8mb4 COLLATE utf8mb4_general_ci DEFAULT NULL COMMENT 'еӯ—е…ёйЎ№еҗҚз§°',
  `dict_type` varchar(100) CHARACTER SET utf8mb4 COLLATE utf8mb4_general_ci DEFAULT NULL COMMENT 'еӯ—е…ёзұ»еһӢ',
  `description` varchar(100) CHARACTER SET utf8mb4 COLLATE utf8mb4_general_ci DEFAULT NULL COMMENT 'еӯ—е…ёйЎ№жҸҸиҝ°',
  `list_class` varchar(50) CHARACTER SET utf8mb4 COLLATE utf8mb4_general_ci DEFAULT NULL COMMENT 'ж Үзӯҫзұ»еһӢ',
  `sort_order` int(11) NOT NULL DEFAULT '0' COMMENT 'жҺ’еәҸпјҲеҚҮеәҸпјү',
  `create_by` varchar(64) CHARACTER SET utf8 COLLATE utf8_general_ci DEFAULT ' ' COMMENT 'еҲӣе»әдәә',
  `update_by` varchar(64) CHARACTER SET utf8 COLLATE utf8_general_ci DEFAULT ' ' COMMENT 'дҝ®ж”№дәә',
  `create_time` datetime DEFAULT NULL COMMENT 'еҲӣе»әж—¶й—ҙ',
  `update_time` datetime DEFAULT NULL COMMENT 'жӣҙж–°ж—¶й—ҙ',
  `remarks` varchar(255) CHARACTER SET utf8mb4 COLLATE utf8mb4_general_ci DEFAULT NULL COMMENT 'еӨҮжіЁдҝЎжҒҜ',
  `del_flag` char(1) CHARACTER SET utf8mb4 COLLATE utf8mb4_general_ci DEFAULT '0' COMMENT 'еҲ йҷӨж Үеҝ—',
  PRIMARY KEY (`id`) USING BTREE,
  KEY `sys_dict_value` (`item_value`) USING BTREE,
  KEY `sys_dict_label` (`label`) USING BTREE,
  KEY `sys_dict_item_del_flag` (`del_flag`) USING BTREE
) ENGINE=InnoDB DEFAULT CHARSET=utf8mb4 COLLATE=utf8mb4_general_ci COMMENT='еӯ—е…ёйЎ№';

-- ----------------------------
-- Records of sys_dict_item
-- ----------------------------
BEGIN;
INSERT INTO `sys_dict_item` VALUES (1, 1, '9', 'ејӮеёё', 'log_type', 'ж—Ҙеҝ—ејӮеёё', NULL, 1, ' ', ' ', '2019-03-19 11:08:59', '2019-03-25 12:49:13', '', '0');
INSERT INTO `sys_dict_item` VALUES (2, 1, '0', 'жӯЈеёё', 'log_type', 'ж—Ҙеҝ—жӯЈеёё', NULL, 0, ' ', ' ', '2019-03-19 11:09:17', '2019-03-25 12:49:18', '', '0');
INSERT INTO `sys_dict_item` VALUES (3, 2, 'WX', 'еҫ®дҝЎ', 'social_type', 'еҫ®дҝЎзҷ»еҪ•', NULL, 0, ' ', ' ', '2019-03-19 11:10:02', '2019-03-25 12:49:36', '', '0');
INSERT INTO `sys_dict_item` VALUES (4, 2, 'QQ', 'QQ', 'social_type', 'QQзҷ»еҪ•', NULL, 1, ' ', ' ', '2019-03-19 11:10:14', '2019-03-25 12:49:36', '', '0');
INSERT INTO `sys_dict_item` VALUES (5, 3, '1', 'javaзұ»', 'job_type', 'javaзұ»', NULL, 1, ' ', ' ', '2019-03-19 11:22:37', '2019-03-25 12:49:36', '', '0');
INSERT INTO `sys_dict_item` VALUES (6, 3, '2', 'spring bean', 'job_type', 'spring beanе®№еҷЁе®һдҫӢ', NULL, 2, ' ', ' ', '2019-03-19 11:23:05', '2019-03-25 12:49:36', '', '0');
INSERT INTO `sys_dict_item` VALUES (7, 3, '9', 'е…¶д»–', 'job_type', 'е…¶д»–зұ»еһӢ', NULL, 9, ' ', ' ', '2019-03-19 11:23:31', '2019-03-25 12:49:36', '', '0');
INSERT INTO `sys_dict_item` VALUES (8, 3, '3', 'Rest и°ғз”Ё', 'job_type', 'Rest и°ғз”Ё', NULL, 3, ' ', ' ', '2019-03-19 11:23:57', '2019-03-25 12:49:36', '', '0');
INSERT INTO `sys_dict_item` VALUES (9, 3, '4', 'jar', 'job_type', 'jarзұ»еһӢ', NULL, 4, ' ', ' ', '2019-03-19 11:24:20', '2019-03-25 12:49:36', '', '0');
INSERT INTO `sys_dict_item` VALUES (10, 4, '1', 'жңӘеҸ‘еёғ', 'job_status', 'жңӘеҸ‘еёғ', NULL, 1, ' ', ' ', '2019-03-19 11:25:18', '2019-03-25 12:49:36', '', '0');
INSERT INTO `sys_dict_item` VALUES (11, 4, '2', 'иҝҗиЎҢдёӯ', 'job_status', 'иҝҗиЎҢдёӯ', NULL, 2, ' ', ' ', '2019-03-19 11:25:31', '2019-03-25 12:49:36', '', '0');
INSERT INTO `sys_dict_item` VALUES (12, 4, '3', 'жҡӮеҒң', 'job_status', 'жҡӮеҒң', NULL, 3, ' ', ' ', '2019-03-19 11:25:42', '2019-03-25 12:49:36', '', '0');
INSERT INTO `sys_dict_item` VALUES (13, 5, '0', 'жӯЈеёё', 'job_execute_status', 'жӯЈеёё', NULL, 0, ' ', ' ', '2019-03-19 11:26:27', '2019-03-25 12:49:36', '', '0');
INSERT INTO `sys_dict_item` VALUES (14, 5, '1', 'ејӮеёё', 'job_execute_status', 'ејӮеёё', NULL, 1, ' ', ' ', '2019-03-19 11:26:41', '2019-03-25 12:49:36', '', '0');
INSERT INTO `sys_dict_item` VALUES (15, 6, '1', 'й”ҷеӨұе‘Ёжңҹз«ӢеҚіжү§иЎҢ', 'misfire_policy', 'й”ҷеӨұе‘Ёжңҹз«ӢеҚіжү§иЎҢ', NULL, 1, ' ', ' ', '2019-03-19 11:27:45', '2019-03-25 12:49:36', '', '0');
INSERT INTO `sys_dict_item` VALUES (16, 6, '2', 'й”ҷеӨұе‘Ёжңҹжү§иЎҢдёҖж¬Ў', 'misfire_policy', 'й”ҷеӨұе‘Ёжңҹжү§иЎҢдёҖж¬Ў', NULL, 2, ' ', ' ', '2019-03-19 11:27:57', '2019-03-25 12:49:36', '', '0');
INSERT INTO `sys_dict_item` VALUES (17, 6, '3', 'дёӢе‘Ёжңҹжү§иЎҢ', 'misfire_policy', 'дёӢе‘Ёжңҹжү§иЎҢ', NULL, 3, ' ', ' ', '2019-03-19 11:28:08', '2019-03-25 12:49:36', '', '0');
INSERT INTO `sys_dict_item` VALUES (18, 7, '1', 'з”·', 'gender', 'еҫ®дҝЎ-з”·', NULL, 0, ' ', ' ', '2019-03-27 13:45:13', '2019-03-27 13:45:13', 'еҫ®дҝЎ-з”·', '0');
INSERT INTO `sys_dict_item` VALUES (19, 7, '2', 'еҘі', 'gender', 'еҘі-еҫ®дҝЎ', NULL, 1, ' ', ' ', '2019-03-27 13:45:34', '2019-03-27 13:45:34', 'еҘі-еҫ®дҝЎ', '0');
INSERT INTO `sys_dict_item` VALUES (20, 7, '0', 'жңӘзҹҘ', 'gender', 'жҖ§еҲ«жңӘзҹҘ', NULL, 3, ' ', ' ', '2019-03-27 13:45:57', '2019-03-27 13:45:57', 'жҖ§еҲ«жңӘзҹҘ', '0');
INSERT INTO `sys_dict_item` VALUES (21, 8, '0', 'жңӘе…іжіЁ', 'subscribe', 'е…¬дј—еҸ·-жңӘе…іжіЁ', NULL, 0, ' ', ' ', '2019-03-27 13:49:07', '2019-03-27 13:49:07', 'е…¬дј—еҸ·-жңӘе…іжіЁ', '0');
INSERT INTO `sys_dict_item` VALUES (22, 8, '1', 'е·Іе…іжіЁ', 'subscribe', 'е…¬дј—еҸ·-е·Іе…іжіЁ', NULL, 1, ' ', ' ', '2019-03-27 13:49:26', '2019-03-27 13:49:26', 'е…¬дј—еҸ·-е·Іе…іжіЁ', '0');
INSERT INTO `sys_dict_item` VALUES (23, 9, '0', 'жңӘеӣһеӨҚ', 'response_type', 'еҫ®дҝЎж¶ҲжҒҜ-жңӘеӣһеӨҚ', NULL, 0, ' ', ' ', '2019-03-28 21:29:47', '2019-03-28 21:29:47', 'еҫ®дҝЎж¶ҲжҒҜ-жңӘеӣһеӨҚ', '0');
INSERT INTO `sys_dict_item` VALUES (24, 9, '1', 'е·ІеӣһеӨҚ', 'response_type', 'еҫ®дҝЎж¶ҲжҒҜ-е·ІеӣһеӨҚ', NULL, 1, ' ', ' ', '2019-03-28 21:30:08', '2019-03-28 21:30:08', 'еҫ®дҝЎж¶ҲжҒҜ-е·ІеӣһеӨҚ', '0');
INSERT INTO `sys_dict_item` VALUES (25, 10, '1', 'жЈҖзҙў', 'param_type', 'жЈҖзҙў', NULL, 0, ' ', ' ', '2019-04-29 18:22:17', '2019-04-29 18:22:17', 'жЈҖзҙў', '0');
INSERT INTO `sys_dict_item` VALUES (26, 10, '2', 'еҺҹж–Ү', 'param_type', 'еҺҹж–Ү', NULL, 0, ' ', ' ', '2019-04-29 18:22:27', '2019-04-29 18:22:27', 'еҺҹж–Ү', '0');
INSERT INTO `sys_dict_item` VALUES (27, 10, '3', 'жҠҘиЎЁ', 'param_type', 'жҠҘиЎЁ', NULL, 0, ' ', ' ', '2019-04-29 18:22:36', '2019-04-29 18:22:36', 'жҠҘиЎЁ', '0');
INSERT INTO `sys_dict_item` VALUES (28, 10, '4', 'е®үе…Ё', 'param_type', 'е®үе…Ё', NULL, 0, ' ', ' ', '2019-04-29 18:22:46', '2019-04-29 18:22:46', 'е®үе…Ё', '0');
INSERT INTO `sys_dict_item` VALUES (29, 10, '5', 'ж–ҮжЎЈ', 'param_type', 'ж–ҮжЎЈ', NULL, 0, ' ', ' ', '2019-04-29 18:22:56', '2019-04-29 18:22:56', 'ж–ҮжЎЈ', '0');
INSERT INTO `sys_dict_item` VALUES (30, 10, '6', 'ж¶ҲжҒҜ', 'param_type', 'ж¶ҲжҒҜ', NULL, 0, ' ', ' ', '2019-04-29 18:23:05', '2019-04-29 18:23:05', 'ж¶ҲжҒҜ', '0');
INSERT INTO `sys_dict_item` VALUES (31, 10, '9', 'е…¶д»–', 'param_type', 'е…¶д»–', NULL, 0, ' ', ' ', '2019-04-29 18:23:16', '2019-04-29 18:23:16', 'е…¶д»–', '0');
INSERT INTO `sys_dict_item` VALUES (32, 10, '0', 'й»ҳи®Ө', 'param_type', 'й»ҳи®Ө', NULL, 0, ' ', ' ', '2019-04-29 18:23:30', '2019-04-29 18:23:30', 'й»ҳи®Ө', '0');
INSERT INTO `sys_dict_item` VALUES (33, 11, '0', 'жӯЈеёё', 'status_type', 'зҠ¶жҖҒжӯЈеёё', NULL, 0, ' ', ' ', '2019-05-15 16:31:34', '2019-05-16 22:30:46', 'зҠ¶жҖҒжӯЈеёё', '0');
INSERT INTO `sys_dict_item` VALUES (34, 11, '9', 'еҶ»з»“', 'status_type', 'зҠ¶жҖҒеҶ»з»“', NULL, 1, ' ', ' ', '2019-05-15 16:31:56', '2019-05-16 22:30:50', 'зҠ¶жҖҒеҶ»з»“', '0');
INSERT INTO `sys_dict_item` VALUES (35, 12, '1', 'зі»з»ҹзұ»', 'dict_type', 'зі»з»ҹзұ»еӯ—е…ё', NULL, 0, ' ', ' ', '2019-05-16 14:20:40', '2019-05-16 14:20:40', 'дёҚиғҪдҝ®ж”№еҲ йҷӨ', '0');
INSERT INTO `sys_dict_item` VALUES (36, 12, '0', 'дёҡеҠЎзұ»', 'dict_type', 'дёҡеҠЎзұ»еӯ—е…ё', NULL, 0, ' ', ' ', '2019-05-16 14:20:59', '2019-05-16 14:20:59', 'еҸҜд»Ҙдҝ®ж”№', '0');
INSERT INTO `sys_dict_item` VALUES (37, 2, 'GITEE', 'з Ғдә‘', 'social_type', 'з Ғдә‘', NULL, 2, ' ', ' ', '2019-06-28 09:59:12', '2019-06-28 09:59:12', 'з Ғдә‘', '0');
INSERT INTO `sys_dict_item` VALUES (38, 2, 'OSC', 'ејҖжәҗдёӯеӣҪ', 'social_type', 'ејҖжәҗдёӯеӣҪзҷ»еҪ•', NULL, 2, ' ', ' ', '2019-06-28 10:04:32', '2019-06-28 10:04:32', '', '0');
INSERT INTO `sys_dict_item` VALUES (39, 14, 'password', 'еҜҶз ҒжЁЎејҸ', 'grant_types', 'ж”ҜжҢҒoauthеҜҶз ҒжЁЎејҸ', NULL, 0, ' ', ' ', '2019-08-13 07:35:28', '2019-08-13 07:35:28', NULL, '0');
INSERT INTO `sys_dict_item` VALUES (40, 14, 'authorization_code', 'жҺҲжқғз ҒжЁЎејҸ', 'grant_types', 'oauth2 жҺҲжқғз ҒжЁЎејҸ', NULL, 1, ' ', ' ', '2019-08-13 07:36:07', '2019-08-13 07:36:07', NULL, '0');
INSERT INTO `sys_dict_item` VALUES (41, 14, 'client_credentials', 'е®ўжҲ·з«ҜжЁЎејҸ', 'grant_types', 'oauth2 е®ўжҲ·з«ҜжЁЎејҸ', NULL, 2, ' ', ' ', '2019-08-13 07:36:30', '2019-08-13 07:36:30', NULL, '0');
INSERT INTO `sys_dict_item` VALUES (42, 14, 'refresh_token', 'еҲ·ж–°жЁЎејҸ', 'grant_types', 'oauth2 еҲ·ж–°token', NULL, 3, ' ', ' ', '2019-08-13 07:36:54', '2019-08-13 07:36:54', NULL, '0');
INSERT INTO `sys_dict_item` VALUES (43, 14, 'implicit', 'з®ҖеҢ–жЁЎејҸ', 'grant_types', 'oauth2 з®ҖеҢ–жЁЎејҸ', NULL, 4, ' ', ' ', '2019-08-13 07:39:32', '2019-08-13 07:39:32', NULL, '0');
INSERT INTO `sys_dict_item` VALUES (44, 15, '0', 'Avue', 'style_type', 'AvueйЈҺж ј', NULL, 0, ' ', ' ', '2020-02-07 03:52:52', '2020-02-07 03:52:52', '', '0');
INSERT INTO `sys_dict_item` VALUES (45, 15, '1', 'element', 'style_type', 'element-ui', NULL, 1, ' ', ' ', '2020-02-07 03:53:12', '2020-02-07 03:53:12', '', '0');
INSERT INTO `sys_dict_item` VALUES (46, 16, '0', 'е…і', 'captcha_flag_types', 'дёҚж ЎйӘҢйӘҢиҜҒз Ғ', NULL, 0, ' ', ' ', '2020-11-18 06:53:58', '2020-11-18 06:53:58', 'дёҚж ЎйӘҢйӘҢиҜҒз Ғ -0', '0');
INSERT INTO `sys_dict_item` VALUES (47, 16, '1', 'ејҖ', 'captcha_flag_types', 'ж ЎйӘҢйӘҢиҜҒз Ғ', NULL, 1, ' ', ' ', '2020-11-18 06:54:15', '2020-11-18 06:54:15', 'дёҚж ЎйӘҢйӘҢиҜҒз Ғ-1', '0');
INSERT INTO `sys_dict_item` VALUES (48, 17, '0', 'еҗҰ', 'enc_flag_types', 'дёҚеҠ еҜҶ', NULL, 0, ' ', ' ', '2020-11-18 06:55:31', '2020-11-18 06:55:31', 'дёҚеҠ еҜҶ-0', '0');
INSERT INTO `sys_dict_item` VALUES (49, 17, '1', 'жҳҜ', 'enc_flag_types', 'еҠ еҜҶ', NULL, 1, ' ', ' ', '2020-11-18 06:55:51', '2020-11-18 06:55:51', 'еҠ еҜҶ-1', '0');
INSERT INTO `sys_dict_item` VALUES (50, 13, 'MERGE_PAY', 'иҒҡеҗҲж”Ҝд»ҳ', 'channel_type', 'иҒҡеҗҲж”Ҝд»ҳ', NULL, 1, ' ', ' ', '2019-05-30 19:08:08', '2019-06-18 13:51:53', 'иҒҡеҗҲж”Ҝд»ҳ', '0');
INSERT INTO `sys_dict_item` VALUES (51, 2, 'CAS', 'CASзҷ»еҪ•', 'social_type', 'CAS еҚ•зӮ№зҷ»еҪ•зі»з»ҹ', NULL, 3, ' ', ' ', '2022-02-18 13:56:25', '2022-02-18 13:56:28', NULL, '0');
INSERT INTO `sys_dict_item` VALUES (52, 2, 'DINGTALK', 'й’үй’ү', 'social_type', 'й’үй’ү', NULL, 3, ' ', ' ', '2022-02-18 13:56:25', '2022-02-18 13:56:28', NULL, '0');
INSERT INTO `sys_dict_item` VALUES (53, 2, 'WEIXIN_CP', 'дјҒдёҡеҫ®дҝЎ', 'social_type', 'дјҒдёҡеҫ®дҝЎ', NULL, 3, ' ', ' ', '2022-02-18 13:56:25', '2022-02-18 13:56:28', NULL, '0');
INSERT INTO `sys_dict_item` VALUES (54, 15, '2', 'APP', 'style_type', 'uviewйЈҺж ј', NULL, 1, ' ', ' ', '2020-02-07 03:53:12', '2020-02-07 03:53:12', '', '0');
INSERT INTO `sys_dict_item` VALUES (55, 13, 'ALIPAY_WAP', 'ж”Ҝд»ҳе®қж”Ҝд»ҳ', 'channel_type', 'ж”Ҝд»ҳе®қж”Ҝд»ҳ', NULL, 1, ' ', ' ', '2019-05-30 19:08:08', '2019-06-18 13:51:53', 'иҒҡеҗҲж”Ҝд»ҳ', '0');
INSERT INTO `sys_dict_item` VALUES (56, 13, 'WEIXIN_MP', 'еҫ®дҝЎж”Ҝд»ҳ', 'channel_type', 'еҫ®дҝЎж”Ҝд»ҳ', NULL, 1, ' ', ' ', '2019-05-30 19:08:08', '2019-06-18 13:51:53', 'иҒҡеҗҲж”Ҝд»ҳ', '0');
INSERT INTO `sys_dict_item` VALUES (57, 14, 'mobile', 'mobile', 'grant_types', 'з§»еҠЁз«Ҝзҷ»еҪ•', NULL, 5, 'admin', ' ', '2023-01-29 17:21:42', NULL, NULL, '0');
INSERT INTO `sys_dict_item` VALUES (58, 18, '0', 'жңүж•Ҳ', 'lock_flag', 'жңүж•Ҳ', NULL, 0, 'admin', ' ', '2023-02-01 16:56:00', NULL, NULL, '0');
INSERT INTO `sys_dict_item` VALUES (59, 18, '9', 'зҰҒз”Ё', 'lock_flag', 'зҰҒз”Ё', NULL, 1, 'admin', ' ', '2023-02-01 16:56:09', NULL, NULL, '0');
INSERT INTO `sys_dict_item` VALUES (60, 15, '4', 'vue3', 'style_type', 'element-plus', NULL, 4, 'admin', ' ', '2023-02-06 13:52:43', NULL, NULL, '0');
INSERT INTO `sys_dict_item` VALUES (61, 19, '0', 'дё»жңә', 'ds_config_type', 'дё»жңә', NULL, 0, 'admin', ' ', '2023-02-06 18:37:23', NULL, NULL, '0');
INSERT INTO `sys_dict_item` VALUES (62, 19, '1', 'JDBC', 'ds_config_type', 'jdbc', NULL, 2, 'admin', ' ', '2023-02-06 18:37:34', NULL, NULL, '0');
INSERT INTO `sys_dict_item` VALUES (63, 20, 'false', 'еҗҰ', 'common_status', 'еҗҰ', NULL, 1, 'admin', ' ', '2023-02-09 11:02:39', NULL, NULL, '0');
INSERT INTO `sys_dict_item` VALUES (64, 20, 'true', 'жҳҜ', 'common_status', 'жҳҜ', NULL, 2, 'admin', ' ', '2023-02-09 11:02:52', NULL, NULL, '0');
INSERT INTO `sys_dict_item` VALUES (65, 21, 'MINI', 'е°ҸзЁӢеәҸ', 'app_social_type', 'е°ҸзЁӢеәҸзҷ»еҪ•', NULL, 0, 'admin', ' ', '2023-02-10 11:11:41', NULL, NULL, '0');
INSERT INTO `sys_dict_item` VALUES (66, 22, '0', 'еҗҰ', 'yes_no_type', '0', NULL, 0, 'admin', ' ', '2023-02-20 23:35:23', NULL, '0', '0');
INSERT INTO `sys_dict_item` VALUES (67, 22, '1', 'жҳҜ', 'yes_no_type', '1', NULL, 0, 'admin', ' ', '2023-02-20 23:35:37', NULL, '1', '0');
INSERT INTO `sys_dict_item` VALUES (69, 23, 'text', 'ж–Үжң¬', 'repType', 'ж–Үжң¬', NULL, 0, 'admin', ' ', '2023-02-24 15:08:45', NULL, NULL, '0');
INSERT INTO `sys_dict_item` VALUES (70, 23, 'image', 'еӣҫзүҮ', 'repType', 'еӣҫзүҮ', NULL, 0, 'admin', ' ', '2023-02-24 15:08:56', NULL, NULL, '0');
INSERT INTO `sys_dict_item` VALUES (71, 23, 'voice', 'иҜӯйҹі', 'repType', 'иҜӯйҹі', NULL, 0, 'admin', ' ', '2023-02-24 15:09:08', NULL, NULL, '0');
INSERT INTO `sys_dict_item` VALUES (72, 23, 'video', 'и§Ҷйў‘', 'repType', 'и§Ҷйў‘', NULL, 0, 'admin', ' ', '2023-02-24 15:09:18', NULL, NULL, '0');
INSERT INTO `sys_dict_item` VALUES (73, 23, 'shortvideo', 'е°Ҹи§Ҷйў‘', 'repType', 'е°Ҹи§Ҷйў‘', NULL, 0, 'admin', ' ', '2023-02-24 15:09:29', NULL, NULL, '0');
INSERT INTO `sys_dict_item` VALUES (74, 23, 'location', 'ең°зҗҶдҪҚзҪ®', 'repType', 'ең°зҗҶдҪҚзҪ®', NULL, 0, 'admin', ' ', '2023-02-24 15:09:41', NULL, NULL, '0');
INSERT INTO `sys_dict_item` VALUES (75, 23, 'link', 'й“ҫжҺҘж¶ҲжҒҜ', 'repType', 'й“ҫжҺҘж¶ҲжҒҜ', NULL, 0, 'admin', ' ', '2023-02-24 15:09:49', NULL, NULL, '0');
INSERT INTO `sys_dict_item` VALUES (76, 23, 'event', 'дәӢд»¶жҺЁйҖҒ', 'repType', 'дәӢд»¶жҺЁйҖҒ', NULL, 0, 'admin', ' ', '2023-02-24 15:09:57', NULL, NULL, '0');
INSERT INTO `sys_dict_item` VALUES (77, 24, '0', 'жңӘжҸҗдәӨ', 'leave_status', 'жңӘжҸҗдәӨ', NULL, 0, 'admin', ' ', '2023-03-02 22:50:45', NULL, 'жңӘжҸҗдәӨ', '0');
INSERT INTO `sys_dict_item` VALUES (78, 24, '1', 'е®Ўжү№дёӯ', 'leave_status', 'е®Ўжү№дёӯ', NULL, 0, 'admin', ' ', '2023-03-02 22:50:57', NULL, 'е®Ўжү№дёӯ', '0');
INSERT INTO `sys_dict_item` VALUES (79, 24, '2', 'е®ҢжҲҗ', 'leave_status', 'е®ҢжҲҗ', NULL, 0, 'admin', ' ', '2023-03-02 22:51:06', NULL, 'е®ҢжҲҗ', '0');
INSERT INTO `sys_dict_item` VALUES (80, 24, '9', 'й©іеӣһ', 'leave_status', 'й©іеӣһ', NULL, 0, 'admin', ' ', '2023-03-02 22:51:20', NULL, NULL, '0');
INSERT INTO `sys_dict_item` VALUES (81, 25, 'record', 'ж—ҘзЁӢи®°еҪ•', 'schedule_type', 'ж—ҘзЁӢи®°еҪ•', NULL, 0, 'admin', ' ', '2023-03-06 14:50:01', NULL, NULL, '0');
INSERT INTO `sys_dict_item` VALUES (82, 25, 'plan', 'и®ЎеҲ’', 'schedule_type', 'и®ЎеҲ’зұ»еһӢ', NULL, 0, 'admin', ' ', '2023-03-06 14:50:29', NULL, NULL, '0');
INSERT INTO `sys_dict_item` VALUES (83, 26, '0', 'и®ЎеҲ’дёӯ', 'schedule_status', 'ж—ҘзЁӢзҠ¶жҖҒ', NULL, 0, 'admin', ' ', '2023-03-06 14:53:18', NULL, NULL, '0');
INSERT INTO `sys_dict_item` VALUES (84, 26, '1', 'е·ІејҖе§Ӣ', 'schedule_status', 'е·ІејҖе§Ӣ', NULL, 0, 'admin', ' ', '2023-03-06 14:53:33', NULL, NULL, '0');
INSERT INTO `sys_dict_item` VALUES (85, 26, '3', 'е·Із»“жқҹ', 'schedule_status', 'е·Із»“жқҹ', NULL, 0, 'admin', ' ', '2023-03-06 14:53:41', NULL, NULL, '0');
INSERT INTO `sys_dict_item` VALUES (86, 27, 'mysql', 'mysql', 'ds_type', 'mysql', NULL, 0, 'admin', ' ', '2023-03-12 09:58:11', NULL, NULL, '0');
INSERT INTO `sys_dict_item` VALUES (87, 27, 'pg', 'pg', 'ds_type', 'pg', NULL, 1, 'admin', ' ', '2023-03-12 09:58:20', NULL, NULL, '0');
INSERT INTO `sys_dict_item` VALUES (88, 27, 'oracle', 'oracle', 'ds_type', 'oracle', NULL, 2, 'admin', ' ', '2023-03-12 09:58:29', NULL, NULL, '0');
INSERT INTO `sys_dict_item` VALUES (89, 27, 'mssql', 'mssql', 'ds_type', 'mssql', NULL, 3, 'admin', ' ', '2023-03-12 09:58:42', NULL, NULL, '0');
INSERT INTO `sys_dict_item` VALUES (90, 27, 'db2', 'db2', 'ds_type', 'db2', NULL, 4, 'admin', ' ', '2023-03-12 09:58:53', NULL, NULL, '0');
INSERT INTO `sys_dict_item` VALUES (91, 27, 'dm', 'иҫҫжўҰ', 'ds_type', 'иҫҫжўҰ', NULL, 5, 'admin', ' ', '2023-03-12 09:59:07', NULL, NULL, '0');
INSERT INTO `sys_dict_item` VALUES (92, 27, 'highgo', 'зҖҡй«ҳ', 'ds_type', 'зҖҡй«ҳж•°жҚ®еә“', NULL, 5, 'admin', ' ', '2023-03-12 09:59:07', NULL, NULL, '0');
INSERT INTO `sys_dict_item` VALUES (93, 28, '0', 'е…¬е‘Ҡ', 'message_type', 'дё»йЎөе…¬е‘ҠжҳҫзӨә', NULL, 0, 'admin', ' ', '2023-10-27 10:30:14', NULL, NULL, '0');
INSERT INTO `sys_dict_item` VALUES (94, 28, '1', 'з«ҷеҶ…дҝЎ', 'message_type', 'еҸідёҠи§’жҳҫзӨә', NULL, 1, 'admin', ' ', '2023-10-27 10:30:47', NULL, NULL, '0');
INSERT INTO `sys_dict_item` VALUES (95, 29, '0', 'й»‘еҗҚеҚ•', 'sensitive_type', 'еӨұиҙҘ', NULL, 3, 'admin', ' ', '2023-10-27 10:30:47', NULL, NULL, '0');
INSERT INTO `sys_dict_item` VALUES (96, 29, '1', 'зҷҪеҗҚеҚ•', 'sensitive_type', 'еӨұиҙҘ', NULL, 3, 'admin', ' ', '2023-10-27 10:30:47', NULL, NULL, '0');
COMMIT;

-- ----------------------------
-- Table structure for sys_file
-- ----------------------------
DROP TABLE IF EXISTS `sys_file`;
CREATE TABLE `sys_file` (
  `id` bigint(20) NOT NULL COMMENT 'зј–еҸ·',
  `group_id` bigint DEFAULT NULL COMMENT 'ж–Үд»¶з»„',
  `file_name` varchar(100) CHARACTER SET utf8mb4 COLLATE utf8mb4_general_ci DEFAULT NULL COMMENT 'ж–Үд»¶еҗҚ',
  `bucket_name` varchar(200) CHARACTER SET utf8mb4 COLLATE utf8mb4_general_ci DEFAULT NULL COMMENT 'ж–Үд»¶еӯҳеӮЁжЎ¶еҗҚз§°',
  `dir` varchar(200) CHARACTER SET utf8mb4 COLLATE utf8mb4_general_ci DEFAULT NULL COMMENT 'ж–Үд»¶еӨ№еҗҚз§°',
  `original` varchar(100) CHARACTER SET utf8mb4 COLLATE utf8mb4_general_ci DEFAULT NULL COMMENT 'еҺҹе§Ӣж–Үд»¶еҗҚ',
  `type` varchar(50) CHARACTER SET utf8mb4 COLLATE utf8mb4_general_ci DEFAULT NULL COMMENT 'ж–Үд»¶зұ»еһӢ',
  `hash` varchar(50) CHARACTER SET utf8mb4 COLLATE utf8mb4_general_ci DEFAULT NULL COMMENT 'ж–Үд»¶hash',
  `file_size` bigint(20) DEFAULT NULL COMMENT 'ж–Үд»¶еӨ§е°Ҹ',
  `create_by` varchar(64) CHARACTER SET utf8 COLLATE utf8_general_ci DEFAULT ' ' COMMENT 'еҲӣе»әдәә',
  `update_by` varchar(64) CHARACTER SET utf8 COLLATE utf8_general_ci DEFAULT ' ' COMMENT 'дҝ®ж”№дәә',
  `create_time` datetime DEFAULT NULL COMMENT 'дёҠдј ж—¶й—ҙ',
  `update_time` datetime DEFAULT NULL COMMENT 'жӣҙж–°ж—¶й—ҙ',
  `del_flag` char(1) CHARACTER SET utf8mb4 COLLATE utf8mb4_general_ci DEFAULT '0' COMMENT 'еҲ йҷӨж Үеҝ—',
  PRIMARY KEY (`id`) USING BTREE
) ENGINE=InnoDB DEFAULT CHARSET=utf8mb4 COLLATE=utf8mb4_general_ci COMMENT='ж–Үд»¶з®ЎзҗҶиЎЁ';

DROP TABLE IF EXISTS `sys_file_group`;
CREATE TABLE `sys_file_group` (
  `id` bigint unsigned NOT NULL COMMENT 'дё»й”®ID',
  `type` tinyint unsigned DEFAULT '10' COMMENT 'зұ»еһӢ: [10=еӣҫзүҮ, 20=и§Ҷйў‘]',
  `name` varchar(32) CHARACTER SET utf8mb4 COLLATE utf8mb4_general_ci DEFAULT '' COMMENT 'еҲҶзұ»еҗҚз§°',
  `create_time` datetime DEFAULT NULL COMMENT 'еҲӣе»әж—¶й—ҙ',
  `update_time` datetime DEFAULT NULL COMMENT 'жӣҙж–°ж—¶й—ҙ',
  `del_flag` char(1) CHARACTER SET utf8mb4 COLLATE utf8mb4_general_ci DEFAULT '0' COMMENT 'еҲ йҷӨж Үи®°',
  `create_by` varchar(64) CHARACTER SET utf8mb4 COLLATE utf8mb4_general_ci DEFAULT NULL COMMENT 'еҲӣе»әдәә',
  `update_by` varchar(64) CHARACTER SET utf8mb4 COLLATE utf8mb4_general_ci DEFAULT NULL COMMENT 'дҝ®ж”№дәә',
  `pid` bigint DEFAULT NULL COMMENT 'зҲ¶ID',
  PRIMARY KEY (`id`) USING BTREE
) ENGINE=InnoDB DEFAULT CHARSET=utf8mb4 COLLATE=utf8mb4_general_ci ROW_FORMAT=DYNAMIC COMMENT='ж–Үд»¶еҲҶзұ»иЎЁ';

DROP TABLE IF EXISTS `sys_sensitive_word`;
CREATE TABLE `sys_sensitive_word` (
  `sensitive_id` bigint NOT NULL COMMENT 'дё»й”®',
  `sensitive_word` varchar(255) COLLATE utf8mb4_general_ci DEFAULT NULL COMMENT 'ж•Ҹж„ҹиҜҚ',
  `sensitive_type` char(1) COLLATE utf8mb4_general_ci DEFAULT NULL COMMENT 'зұ»еһӢ',
  `remark` varchar(255) COLLATE utf8mb4_general_ci DEFAULT NULL COMMENT 'еӨҮжіЁ',
  `create_by` varchar(64) COLLATE utf8mb4_general_ci DEFAULT NULL COMMENT 'еҲӣе»әдәә',
  `create_time` datetime DEFAULT NULL COMMENT 'еҲӣе»әж—¶й—ҙ',
  `update_by` varchar(64) COLLATE utf8mb4_general_ci DEFAULT NULL COMMENT 'дҝ®ж”№дәә',
  `update_time` datetime DEFAULT NULL COMMENT 'дҝ®ж”№ж—¶й—ҙ',
  `del_flag` char(1) COLLATE utf8mb4_general_ci DEFAULT '0' COMMENT 'еҲ йҷӨж Үи®°',
  PRIMARY KEY (`sensitive_id`)
) ENGINE=InnoDB DEFAULT CHARSET=utf8mb4 COLLATE=utf8mb4_general_ci COMMENT='ж•Ҹж„ҹиҜҚ';

-- ----------------------------
-- Table structure for sys_i18n
-- ----------------------------
DROP TABLE IF EXISTS `sys_i18n`;
CREATE TABLE `sys_i18n` (
  `id` bigint(20) NOT NULL COMMENT 'id',
  `name` varchar(255) CHARACTER SET utf8mb4 COLLATE utf8mb4_general_ci NOT NULL COMMENT 'name',
  `zh_cn` varchar(255) CHARACTER SET utf8mb4 COLLATE utf8mb4_general_ci NOT NULL COMMENT 'дёӯж–Ү',
  `en` varchar(255) CHARACTER SET utf8mb4 COLLATE utf8mb4_general_ci NOT NULL COMMENT 'иӢұж–Ү',
  `create_by` varchar(64) CHARACTER SET utf8 COLLATE utf8_general_ci DEFAULT ' ' COMMENT 'еҲӣе»әдәә',
  `create_time` datetime DEFAULT CURRENT_TIMESTAMP COMMENT 'еҲӣе»әж—¶й—ҙ',
  `update_by` varchar(64) CHARACTER SET utf8 COLLATE utf8_general_ci DEFAULT ' ' COMMENT 'дҝ®ж”№дәә',
  `update_time` datetime DEFAULT NULL ON UPDATE CURRENT_TIMESTAMP COMMENT 'жӣҙж–°ж—¶й—ҙ',
  `del_flag` char(1) CHARACTER SET utf8mb4 COLLATE utf8mb4_general_ci DEFAULT '0' COMMENT 'еҲ йҷӨж Үи®°',
  PRIMARY KEY (`id`)
) ENGINE=InnoDB DEFAULT CHARSET=utf8mb4 COLLATE=utf8mb4_general_ci COMMENT='зі»з»ҹиЎЁ-еӣҪйҷ…еҢ–';

-- ----------------------------
-- Records of sys_i18n
-- ----------------------------
BEGIN;
INSERT INTO `sys_i18n` VALUES (1, 'router.permissionManagement', 'жқғйҷҗз®ЎзҗҶ', 'Permission Management', '', '2023-02-14 02:03:59', '', NULL, '0');
INSERT INTO `sys_i18n` VALUES (2, 'router.userManagement', 'з”ЁжҲ·з®ЎзҗҶ', 'User Management', 'admin', '2023-02-14 10:39:08', '', NULL, '0');
INSERT INTO `sys_i18n` VALUES (3, 'router.menuManagement', 'иҸңеҚ•з®ЎзҗҶ', 'Menu Management', 'admin', '2023-02-15 23:14:39', '', NULL, '0');
INSERT INTO `sys_i18n` VALUES (4, 'router.roleManagement', 'и§’иүІз®ЎзҗҶ', 'Role Management', 'admin', '2023-02-15 23:15:51', '', NULL, '0');
INSERT INTO `sys_i18n` VALUES (5, 'router.departmentManagement', 'йғЁй—Ёз®ЎзҗҶ', 'Department Management', 'admin', '2023-02-15 23:16:52', '', NULL, '0');
INSERT INTO `sys_i18n` VALUES (7, 'router.postManagement', 'еІ—дҪҚз®ЎзҗҶ', 'Post Management', 'admin', '2023-02-24 10:12:58', '', NULL, '0');
INSERT INTO `sys_i18n` VALUES (8, 'router.systemManagement', 'зі»з»ҹз®ЎзҗҶ', 'System Management', 'admin', '2023-02-24 10:13:34', 'admin', '2023-02-24 10:58:30', '0');
INSERT INTO `sys_i18n` VALUES (9, 'router.operationLog', 'ж“ҚдҪңж—Ҙеҝ—', 'Operation Log', 'admin', '2023-02-24 10:14:47', '', NULL, '0');
INSERT INTO `sys_i18n` VALUES (10, 'router.dictManagement', 'еӯ—е…ёз®ЎзҗҶ', 'Dictionary Management', 'admin', '2023-02-24 10:16:21', '', NULL, '0');
INSERT INTO `sys_i18n` VALUES (11, 'router.parameterManagement', 'еҸӮж•°з®ЎзҗҶ', 'Parameter Management', 'admin', '2023-02-24 10:17:04', '', NULL, '0');
INSERT INTO `sys_i18n` VALUES (12, 'router.codeGeneration', 'д»Јз Ғз”ҹжҲҗ', 'Code Generation', 'admin', '2023-02-24 10:19:16', '', NULL, '0');
INSERT INTO `sys_i18n` VALUES (13, 'router.terminalManagement', 'з»Ҳз«Ҝз®ЎзҗҶ', 'Terminal Management', 'admin', '2023-02-24 10:21:45', '', NULL, '0');
INSERT INTO `sys_i18n` VALUES (14, 'router.keyManagement', 'еҜҶй’Ҙз®ЎзҗҶ', 'Key Management', 'admin', '2023-02-24 10:22:52', '', NULL, '0');
INSERT INTO `sys_i18n` VALUES (15, 'router.tokenManagement', 'д»ӨзүҢз®ЎзҗҶ', 'Token Management', 'admin', '2023-02-24 10:23:22', '', NULL, '0');
INSERT INTO `sys_i18n` VALUES (16, 'router.quartzManagement', 'Quartzз®ЎзҗҶ', 'Quartz Management', 'admin', '2023-02-24 10:24:32', '', NULL, '0');
INSERT INTO `sys_i18n` VALUES (17, 'router.metadataManagement', 'е…ғж•°жҚ®з®ЎзҗҶ', 'Metadata Management', 'admin', '2023-02-24 10:25:11', '', NULL, '0');
INSERT INTO `sys_i18n` VALUES (18, 'router.documentExtension', 'ж–ҮжЎЈжү©еұ•', 'Document Extension', 'admin', '2023-02-24 10:27:23', '', NULL, '0');
INSERT INTO `sys_i18n` VALUES (19, 'router.fileManagement', 'ж–Үд»¶з®ЎзҗҶ', 'File Management', 'admin', '2023-02-24 10:28:44', '', NULL, '0');
INSERT INTO `sys_i18n` VALUES (20, 'router.platformDevelopment', 'ејҖеҸ‘е№іеҸ°', 'Platform Development', 'admin', '2023-02-24 10:29:28', '', NULL, '0');
INSERT INTO `sys_i18n` VALUES (21, 'router.dataSourceManagement', 'ж•°жҚ®жәҗз®ЎзҗҶ', 'Data Source Management', 'admin', '2023-02-24 10:30:33', 'admin', '2023-03-06 14:33:20', '0');
INSERT INTO `sys_i18n` VALUES (22, 'router.formDesign', 'иЎЁеҚ•и®ҫи®Ў', 'Form Design', 'admin', '2023-02-24 10:31:33', 'admin', '2023-03-06 14:33:28', '0');
INSERT INTO `sys_i18n` VALUES (28, 'router.internationalizationManagement', 'еӣҪйҷ…еҢ–з®ЎзҗҶ', 'Internationalization Management', 'admin', '2023-02-24 10:36:59', '', NULL, '0');
INSERT INTO `sys_i18n` VALUES (29, 'router.auditLog', 'е®Ўи®Ўж—Ҙеҝ—', 'Audit Log', 'admin', '2023-02-24 10:36:59', '', NULL, '0');
INSERT INTO `sys_i18n` VALUES (30, 'router.systemMonitoring', 'зі»з»ҹзӣ‘жҺ§', 'System Monitoring', 'admin', '2023-02-24 10:36:59', '', NULL, '0');
INSERT INTO `sys_i18n` VALUES (31, 'router.generatePages', 'з”ҹжҲҗйЎөйқў', 'Generate Pages', 'admin', '2023-02-24 10:44:04', '', NULL, '0');
INSERT INTO `sys_i18n` VALUES (32, 'router.templateManagement', 'жЁЎжқҝз®ЎзҗҶ', 'Template Management', 'admin', '2023-02-24 10:44:31', '', NULL, '0');
INSERT INTO `sys_i18n` VALUES (33, 'router.templateGroup', 'жЁЎжқҝеҲҶз»„', 'Template Group', 'admin', '2023-02-24 10:45:10', '', NULL, '0');
INSERT INTO `sys_i18n` VALUES (34, 'router.fieldManagement', 'еӯ—ж®өз®ЎзҗҶ', 'Field Management', 'admin', '2023-02-24 10:46:04', 'admin', '2023-03-07 14:27:48', '0');
INSERT INTO `sys_i18n` VALUES (50, 'router.logManagement', 'ж—Ҙеҝ—з®ЎзҗҶ', 'Log Management', 'admin', NULL, '', NULL, '0');
INSERT INTO `sys_i18n` VALUES (62, 'router.cacheMonitoring', 'зј“еӯҳзӣ‘жҺ§', 'Cache Monitoring', ' ', '2023-08-10 13:42:35', ' ', NULL, '0');
INSERT INTO `sys_i18n` VALUES (73, 'router.message', 'дҝЎжҒҜжҺЁйҖҒ', 'Message Push', ' ', '2023-08-10 13:46:37', ' ', '2023-08-10 13:47:09', '0');
INSERT INTO `sys_i18n` VALUES (74, 'router.sensitiveWords', 'ж•Ҹж„ҹиҜҚз®ЎзҗҶ', 'Sensitive words', ' ', '2023-08-10 13:46:37', ' ', '2023-08-10 13:47:09', '0');
COMMIT;

-- ----------------------------
-- Table structure for sys_log
-- ----------------------------
DROP TABLE IF EXISTS `sys_log`;
CREATE TABLE `sys_log` (
  `id` bigint(20) NOT NULL COMMENT 'зј–еҸ·',
  `log_type` char(1) CHARACTER SET utf8mb4 COLLATE utf8mb4_general_ci DEFAULT '0' COMMENT 'ж—Ҙеҝ—зұ»еһӢ',
  `title` varchar(255) CHARACTER SET utf8mb4 COLLATE utf8mb4_general_ci DEFAULT NULL COMMENT 'ж—Ҙеҝ—ж Үйўҳ',
  `service_id` varchar(32) CHARACTER SET utf8mb4 COLLATE utf8mb4_general_ci DEFAULT NULL COMMENT 'жңҚеҠЎID',
  `create_by` varchar(64) CHARACTER SET utf8 COLLATE utf8_general_ci DEFAULT ' ' COMMENT 'еҲӣе»әдәә',
  `update_by` varchar(64) CHARACTER SET utf8 COLLATE utf8_general_ci DEFAULT ' ' COMMENT 'дҝ®ж”№дәә',
  `create_time` datetime DEFAULT NULL COMMENT 'еҲӣе»әж—¶й—ҙ',
  `update_time` datetime DEFAULT NULL COMMENT 'жӣҙж–°ж—¶й—ҙ',
  `remote_addr` varchar(255) CHARACTER SET utf8mb4 COLLATE utf8mb4_general_ci DEFAULT NULL COMMENT 'иҝңзЁӢең°еқҖ',
  `user_agent` varchar(1000) CHARACTER SET utf8mb4 COLLATE utf8mb4_general_ci DEFAULT NULL COMMENT 'з”ЁжҲ·д»ЈзҗҶ',
  `request_uri` varchar(255) CHARACTER SET utf8mb4 COLLATE utf8mb4_general_ci DEFAULT NULL COMMENT 'иҜ·жұӮURI',
  `method` varchar(10) CHARACTER SET utf8mb4 COLLATE utf8mb4_general_ci DEFAULT NULL COMMENT 'иҜ·жұӮж–№жі•',
  `params` text CHARACTER SET utf8mb4 COLLATE utf8mb4_general_ci COMMENT 'иҜ·жұӮеҸӮж•°',
  `time` bigint(20) DEFAULT NULL COMMENT 'жү§иЎҢж—¶й—ҙ',
  `del_flag` char(1) CHARACTER SET utf8mb4 COLLATE utf8mb4_general_ci DEFAULT '0' COMMENT 'еҲ йҷӨж Үеҝ—',
  `exception` text CHARACTER SET utf8mb4 COLLATE utf8mb4_general_ci COMMENT 'ејӮеёёдҝЎжҒҜ',
  PRIMARY KEY (`id`) USING BTREE,
  KEY `sys_log_request_uri` (`request_uri`) USING BTREE,
  KEY `sys_log_type` (`log_type`) USING BTREE,
  KEY `sys_log_create_date` (`create_time`) USING BTREE
) ENGINE=InnoDB DEFAULT CHARSET=utf8mb4 COLLATE=utf8mb4_general_ci COMMENT='ж—Ҙеҝ—иЎЁ';

-- ----------------------------
-- Records of sys_log
-- ----------------------------
BEGIN;
COMMIT;

-- ----------------------------
-- Table structure for sys_menu
-- ----------------------------
DROP TABLE IF EXISTS `sys_menu`;
CREATE TABLE `sys_menu` (
  `menu_id` bigint(20) NOT NULL COMMENT 'иҸңеҚ•ID',
  `name` varchar(32) CHARACTER SET utf8mb4 COLLATE utf8mb4_general_ci DEFAULT NULL COMMENT 'иҸңеҚ•еҗҚз§°',
  `permission` varchar(32) CHARACTER SET utf8mb4 COLLATE utf8mb4_general_ci DEFAULT NULL COMMENT 'жқғйҷҗж ҮиҜҶ',
  `path` varchar(128) CHARACTER SET utf8mb4 COLLATE utf8mb4_general_ci DEFAULT NULL COMMENT 'и·Ҝз”ұи·Ҝеҫ„',
  `component` varchar(255) CHARACTER SET utf8mb4 COLLATE utf8mb4_general_ci DEFAULT NULL COMMENT 'з»„д»¶',
  `parent_id` bigint(20) DEFAULT NULL COMMENT 'зҲ¶иҸңеҚ•ID',
  `icon` varchar(64) CHARACTER SET utf8mb4 COLLATE utf8mb4_general_ci DEFAULT NULL COMMENT 'иҸңеҚ•еӣҫж Ү',
  `visible` char(1) CHARACTER SET utf8mb4 COLLATE utf8mb4_general_ci DEFAULT '1' COMMENT 'жҳҜеҗҰеҸҜи§ҒпјҢ0йҡҗи—ҸпјҢ1жҳҫзӨә',
  `sort_order` int(11) DEFAULT '1' COMMENT 'жҺ’еәҸеҖјпјҢи¶Ҡе°Ҹи¶Ҡйқ еүҚ',
  `keep_alive` char(1) CHARACTER SET utf8mb4 COLLATE utf8mb4_general_ci DEFAULT '0' COMMENT 'жҳҜеҗҰзј“еӯҳпјҢ0еҗҰпјҢ1жҳҜ',
  `embedded` char(1) CHARACTER SET utf8mb4 COLLATE utf8mb4_general_ci DEFAULT NULL COMMENT 'жҳҜеҗҰеҶ…еөҢпјҢ0еҗҰпјҢ1жҳҜ',
  `menu_type` char(1) CHARACTER SET utf8mb4 COLLATE utf8mb4_general_ci DEFAULT '0' COMMENT 'иҸңеҚ•зұ»еһӢпјҢ0:иҸңеҚ• 1:жҢүй’®',
  `create_by` varchar(64) CHARACTER SET utf8 COLLATE utf8_general_ci DEFAULT ' ' COMMENT 'еҲӣе»әдәә',
  `create_time` datetime DEFAULT CURRENT_TIMESTAMP COMMENT 'еҲӣе»әж—¶й—ҙ',
  `update_by` varchar(64) CHARACTER SET utf8 COLLATE utf8_general_ci DEFAULT ' ' COMMENT 'дҝ®ж”№дәә',
  `update_time` datetime DEFAULT NULL ON UPDATE CURRENT_TIMESTAMP COMMENT 'жӣҙж–°ж—¶й—ҙ',
  `del_flag` char(1) CHARACTER SET utf8mb4 COLLATE utf8mb4_general_ci DEFAULT '0' COMMENT 'еҲ йҷӨж Үеҝ—пјҢ0жңӘеҲ йҷӨпјҢ1е·ІеҲ йҷӨ',
  PRIMARY KEY (`menu_id`) USING BTREE
) ENGINE=InnoDB DEFAULT CHARSET=utf8mb4 COLLATE=utf8mb4_general_ci COMMENT='иҸңеҚ•жқғйҷҗиЎЁ';

-- ----------------------------
-- Records of sys_menu
-- ----------------------------
BEGIN;
INSERT INTO `sys_menu` VALUES (1000,'жқғйҷҗз®ЎзҗҶ',NULL,'/system',NULL,2000,'iconfont icon-quanxianguanli','1',0,'0','0','0','','2018-09-28 08:29:53','admin','2023-11-01 16:39:55','0');
INSERT INTO `sys_menu` VALUES (1100,'з”ЁжҲ·з®ЎзҗҶ',NULL,'/admin/user/index',NULL,1000,'iconfont icon-yonghuguanli','1',1,'0','0','0','','2017-11-02 22:24:37','admin','2023-11-01 16:40:44','0');
INSERT INTO `sys_menu` VALUES (1101,'з”ЁжҲ·ж–°еўһ','sys_user_add',NULL,NULL,1100,NULL,'1',1,'0',NULL,'1',' ','2017-11-08 09:52:09',' ','2021-05-25 03:12:55','0');
INSERT INTO `sys_menu` VALUES (1102,'з”ЁжҲ·дҝ®ж”№','sys_user_edit',NULL,NULL,1100,NULL,'1',1,'0',NULL,'1',' ','2017-11-08 09:52:48',' ','2021-05-25 03:12:55','0');
INSERT INTO `sys_menu` VALUES (1103,'з”ЁжҲ·еҲ йҷӨ','sys_user_del',NULL,NULL,1100,NULL,'1',1,'0',NULL,'1',' ','2017-11-08 09:54:01',' ','2021-05-25 03:12:55','0');
INSERT INTO `sys_menu` VALUES (1104,'еҜје…ҘеҜјеҮә','sys_user_export',NULL,NULL,1100,NULL,'1',1,'0',NULL,'1',' ','2017-11-08 09:54:01',' ','2021-05-25 03:12:55','0');
INSERT INTO `sys_menu` VALUES (1105,'з”ЁжҲ·жҹҘзңӢ','sys_user_view',NULL,NULL,1100,NULL,'1',1,'0',NULL,'1',' ','2017-11-08 09:54:01',' ','2021-05-25 03:12:55','0');
INSERT INTO `sys_menu` VALUES (1200,'иҸңеҚ•з®ЎзҗҶ',NULL,'/admin/menu/index',NULL,1000,'iconfont icon-caidan','1',2,'0','0','0','','2017-11-08 09:57:27','admin','2023-11-01 16:40:39','0');
INSERT INTO `sys_menu` VALUES (1201,'иҸңеҚ•ж–°еўһ','sys_menu_add',NULL,NULL,1200,NULL,'1',1,'0',NULL,'1',' ','2017-11-08 10:15:53',' ','2021-05-25 03:12:55','0');
INSERT INTO `sys_menu` VALUES (1202,'иҸңеҚ•дҝ®ж”№','sys_menu_edit',NULL,NULL,1200,NULL,'1',1,'0',NULL,'1',' ','2017-11-08 10:16:23',' ','2021-05-25 03:12:55','0');
INSERT INTO `sys_menu` VALUES (1203,'иҸңеҚ•еҲ йҷӨ','sys_menu_del',NULL,NULL,1200,NULL,'1',1,'0',NULL,'1',' ','2017-11-08 10:16:43',' ','2021-05-25 03:12:55','0');
INSERT INTO `sys_menu` VALUES (1300,'и§’иүІз®ЎзҗҶ',NULL,'/admin/role/index',NULL,1000,'iconfont icon-jiaoseguanli','1',3,'0',NULL,'0','','2017-11-08 10:13:37','admin','2025-01-26 22:24:11','0');
INSERT INTO `sys_menu` VALUES (1301,'и§’иүІж–°еўһ','sys_role_add',NULL,NULL,1300,NULL,'1',1,'0',NULL,'1',' ','2017-11-08 10:14:18',' ','2021-05-25 03:12:55','0');
INSERT INTO `sys_menu` VALUES (1302,'и§’иүІдҝ®ж”№','sys_role_edit',NULL,NULL,1300,NULL,'1',1,'0',NULL,'1',' ','2017-11-08 10:14:41',' ','2021-05-25 03:12:55','0');
INSERT INTO `sys_menu` VALUES (1303,'и§’иүІеҲ йҷӨ','sys_role_del',NULL,NULL,1300,NULL,'1',1,'0',NULL,'1',' ','2017-11-08 10:14:59',' ','2021-05-25 03:12:55','0');
INSERT INTO `sys_menu` VALUES (1304,'еҲҶй…Қжқғйҷҗ','sys_role_perm',NULL,NULL,1300,NULL,'1',1,'0',NULL,'1',' ','2018-04-20 07:22:55',' ','2021-05-25 03:12:55','0');
INSERT INTO `sys_menu` VALUES (1305,'и§’иүІеҜје…ҘеҜјеҮә','sys_role_export',NULL,NULL,1300,NULL,'1',4,'0',NULL,'1',' ','2022-03-26 15:54:34',' ',NULL,'0');
INSERT INTO `sys_menu` VALUES (1306,'и§’иүІжҹҘзңӢ','sys_role_view',NULL,NULL,1300,NULL,'1',4,'0',NULL,'1',' ','2022-03-26 15:54:34',' ',NULL,'0');
INSERT INTO `sys_menu` VALUES (1400,'йғЁй—Ёз®ЎзҗҶ',NULL,'/admin/dept/index',NULL,1000,'iconfont icon-bumenguanli','1',4,'0',NULL,'0','','2018-01-20 13:17:19','admin','2023-11-01 16:40:30','0');
INSERT INTO `sys_menu` VALUES (1401,'йғЁй—Ёж–°еўһ','sys_dept_add',NULL,NULL,1400,NULL,'1',1,'0',NULL,'1',' ','2018-01-20 14:56:16',' ','2021-05-25 03:12:55','0');
INSERT INTO `sys_menu` VALUES (1402,'йғЁй—Ёдҝ®ж”№','sys_dept_edit',NULL,NULL,1400,NULL,'1',1,'0',NULL,'1',' ','2018-01-20 14:56:59',' ','2021-05-25 03:12:55','0');
INSERT INTO `sys_menu` VALUES (1403,'йғЁй—ЁеҲ йҷӨ','sys_dept_del',NULL,NULL,1400,NULL,'1',1,'0',NULL,'1',' ','2018-01-20 14:57:28',' ','2021-05-25 03:12:55','0');
INSERT INTO `sys_menu` VALUES (1600,'еІ—дҪҚз®ЎзҗҶ',NULL,'/admin/post/index',NULL,1000,'iconfont icon-gangweitubiao','1',5,'1','0','0','','2022-03-26 13:04:14','admin','2023-11-01 17:02:55','0');
INSERT INTO `sys_menu` VALUES (1601,'еІ—дҪҚдҝЎжҒҜжҹҘзңӢ','sys_post_view',NULL,NULL,1600,NULL,'1',0,'0',NULL,'1',' ','2022-03-26 13:05:34',' ',NULL,'0');
INSERT INTO `sys_menu` VALUES (1602,'еІ—дҪҚдҝЎжҒҜж–°еўһ','sys_post_add',NULL,NULL,1600,NULL,'1',1,'0',NULL,'1',' ','2022-03-26 13:06:00',' ',NULL,'0');
INSERT INTO `sys_menu` VALUES (1603,'еІ—дҪҚдҝЎжҒҜдҝ®ж”№','sys_post_edit',NULL,NULL,1600,NULL,'1',2,'0',NULL,'1',' ','2022-03-26 13:06:31',' ','2022-03-26 13:06:38','0');
INSERT INTO `sys_menu` VALUES (1604,'еІ—дҪҚдҝЎжҒҜеҲ йҷӨ','sys_post_del',NULL,NULL,1600,NULL,'1',3,'0',NULL,'1',' ','2022-03-26 13:06:31',' ',NULL,'0');
INSERT INTO `sys_menu` VALUES (1605,'еІ—дҪҚеҜје…ҘеҜјеҮә','sys_post_export',NULL,NULL,1600,NULL,'1',4,'0',NULL,'1',' ','2022-03-26 13:06:31',' ','2022-03-26 06:32:02','0');
INSERT INTO `sys_menu` VALUES (2000,'зі»з»ҹз®ЎзҗҶ',NULL,'/admin',NULL,-1,'iconfont icon-xitongguanli','1',1,'0',NULL,'0','','2017-11-07 20:56:00','admin','2023-11-01 16:25:58','0');
INSERT INTO `sys_menu` VALUES (2001,'ж—Ҙеҝ—з®ЎзҗҶ',NULL,'/admin/logs',NULL,2000,'iconfont icon-xitongrizhi','1',1,'0','0','0','admin','2023-03-02 12:26:42','admin','2023-11-01 16:22:08','0');
INSERT INTO `sys_menu` VALUES (2100,'ж“ҚдҪңж—Ҙеҝ—',NULL,'/admin/log/index',NULL,2001,'iconfont icon-jinridaiban','1',2,'0','0','0','','2017-11-20 14:06:22','admin','2023-03-02 12:28:57','0');
INSERT INTO `sys_menu` VALUES (2101,'ж—Ҙеҝ—еҲ йҷӨ','sys_log_del',NULL,NULL,2100,NULL,'1',1,'0',NULL,'1',' ','2017-11-20 20:37:37',' ','2021-05-25 03:12:55','0');
INSERT INTO `sys_menu` VALUES (2102,'еҜје…ҘеҜјеҮә','sys_log_export',NULL,NULL,2100,NULL,'1',1,'0',NULL,'1',' ','2017-11-08 09:54:01',' ','2021-05-25 03:12:55','0');
INSERT INTO `sys_menu` VALUES (2103,'е®Ўи®Ўж—Ҙеҝ—',NULL,'/admin/audit/index',NULL,2001,'iconfont icon-biaodan','1',1,'0','0','0','',NULL,'admin','2023-03-02 12:28:47','0');
INSERT INTO `sys_menu` VALUES (2104,'е®Ўи®Ўи®°еҪ•иЎЁеҲ йҷӨ','sys_audit_del',NULL,NULL,2103,'1','1',3,'0',NULL,'1','',NULL,'admin','2023-02-28 20:23:43','0');
INSERT INTO `sys_menu` VALUES (2105,'еҜје…ҘеҜјеҮә','sys_audit_export',NULL,NULL,2103,'1','1',3,'0',NULL,'1','',NULL,'admin','2023-02-28 20:23:51','0');
INSERT INTO `sys_menu` VALUES (2106,'ж•Ҹж„ҹж•°жҚ®жҹҘзңӢ','no_mask',NULL,NULL,2103,'1','1',3,'0',NULL,'1','',NULL,'admin','2023-02-28 20:23:51','0');
INSERT INTO `sys_menu` VALUES (2107,'ж—Ҙеҝ—жҹҘзңӢ','sys_log_view',NULL,NULL,2001,'1','1',3,'0',NULL,'1','',NULL,'admin','2023-02-28 20:23:51','0');
INSERT INTO `sys_menu` VALUES (2108,'ж—Ҙеҝ—жҹҘзңӢ','sys_audit_view',NULL,NULL,2103,'1','1',3,'0',NULL,'1','',NULL,'admin','2023-02-28 20:23:51','0');
INSERT INTO `sys_menu` VALUES (2200,'еӯ—е…ёз®ЎзҗҶ',NULL,'/admin/dict/index',NULL,2000,'iconfont icon-zidianguanli','1',6,'0',NULL,'0','','2017-11-29 11:30:52','admin','2023-02-16 15:24:29','0');
INSERT INTO `sys_menu` VALUES (2201,'еӯ—е…ёеҲ йҷӨ','sys_dict_del',NULL,NULL,2200,NULL,'1',1,'0',NULL,'1',' ','2017-11-29 11:30:11',' ','2021-05-25 03:12:55','0');
INSERT INTO `sys_menu` VALUES (2202,'еӯ—е…ёж–°еўһ','sys_dict_add',NULL,NULL,2200,NULL,'1',1,'0',NULL,'1',' ','2018-05-11 22:34:55',' ','2021-05-25 03:12:55','0');
INSERT INTO `sys_menu` VALUES (2203,'еӯ—е…ёдҝ®ж”№','sys_dict_edit',NULL,NULL,2200,NULL,'1',1,'0',NULL,'1',' ','2018-05-11 22:36:03',' ','2021-05-25 03:12:55','0');
INSERT INTO `sys_menu` VALUES (2204,'еӯ—е…ёжҹҘзңӢ','sys_dict_view',NULL,NULL,2200,NULL,'1',1,'0',NULL,'1',' ','2018-05-11 22:36:03',' ','2021-05-25 03:12:55','0');
INSERT INTO `sys_menu` VALUES (2210,'еҸӮж•°з®ЎзҗҶ',NULL,'/admin/param/index',NULL,2000,'iconfont icon-canshuguanli','1',7,'1',NULL,'0','','2019-04-29 22:16:50','admin','2023-02-16 15:24:51','0');
INSERT INTO `sys_menu` VALUES (2211,'еҸӮж•°ж–°еўһ','sys_syspublicparam_add',NULL,NULL,2210,NULL,'1',1,'0',NULL,'1',' ','2019-04-29 22:17:36',' ','2020-03-24 08:57:11','0');
INSERT INTO `sys_menu` VALUES (2212,'еҸӮж•°еҲ йҷӨ','sys_syspublicparam_del',NULL,NULL,2210,NULL,'1',1,'0',NULL,'1',' ','2019-04-29 22:17:55',' ','2020-03-24 08:57:12','0');
INSERT INTO `sys_menu` VALUES (2213,'еҸӮж•°зј–иҫ‘','sys_syspublicparam_edit',NULL,NULL,2210,NULL,'1',1,'0',NULL,'1',' ','2019-04-29 22:18:14',' ','2020-03-24 08:57:13','0');
INSERT INTO `sys_menu` VALUES (2214,'еҸӮж•°жҹҘзңӢ','sys_syspublicparam_view',NULL,NULL,2210,NULL,'1',1,'0',NULL,'1',' ','2019-04-29 22:18:14',' ','2020-03-24 08:57:13','0');
INSERT INTO `sys_menu` VALUES (2300,'д»Јз Ғз”ҹжҲҗ',NULL,'/gen/table/index',NULL,9000,'iconfont icon-daimashengcheng','1',2,'0','0','0','','2018-01-20 13:17:19','admin','2023-02-20 13:54:35','0');
INSERT INTO `sys_menu` VALUES (2400,'з»Ҳз«Ҝз®ЎзҗҶ',NULL,'/admin/client/index',NULL,2000,'iconfont icon-shouji','1',9,'1',NULL,'0','','2018-01-20 13:17:19','admin','2023-02-16 15:25:28','0');
INSERT INTO `sys_menu` VALUES (2401,'е®ўжҲ·з«Ҝж–°еўһ','sys_client_add',NULL,NULL,2400,'1','1',1,'0',NULL,'1',' ','2018-05-15 21:35:18',' ','2021-05-25 03:12:55','0');
INSERT INTO `sys_menu` VALUES (2402,'е®ўжҲ·з«Ҝдҝ®ж”№','sys_client_edit',NULL,NULL,2400,NULL,'1',1,'0',NULL,'1',' ','2018-05-15 21:37:06',' ','2021-05-25 03:12:55','0');
INSERT INTO `sys_menu` VALUES (2403,'е®ўжҲ·з«ҜеҲ йҷӨ','sys_client_del',NULL,NULL,2400,NULL,'1',1,'0',NULL,'1',' ','2018-05-15 21:39:16',' ','2021-05-25 03:12:55','0');
INSERT INTO `sys_menu` VALUES (2404,'е®ўжҲ·з«ҜжҹҘзңӢ','sys_client_view',NULL,NULL,2400,NULL,'1',1,'0',NULL,'1',' ','2018-05-15 21:39:16',' ','2021-05-25 03:12:55','0');
INSERT INTO `sys_menu` VALUES (2500,'еҜҶй’Ҙз®ЎзҗҶ',NULL,'/admin/social/index',NULL,2000,'iconfont icon-miyueguanli','1',10,'0',NULL,'0','','2018-01-20 13:17:19','admin','2025-01-26 22:25:20','0');
INSERT INTO `sys_menu` VALUES (2501,'еҜҶй’Ҙж–°еўһ','sys_social_details_add',NULL,NULL,2500,'1','1',0,'0',NULL,'1',' ','2018-05-15 21:35:18',' ','2020-03-24 08:57:19','0');
INSERT INTO `sys_menu` VALUES (2502,'еҜҶй’Ҙдҝ®ж”№','sys_social_details_edit',NULL,NULL,2500,'1','1',1,'0',NULL,'1',' ','2018-05-15 21:35:18',' ','2020-03-24 08:57:19','0');
INSERT INTO `sys_menu` VALUES (2503,'еҜҶй’ҘеҲ йҷӨ','sys_social_details_del',NULL,NULL,2500,'1','1',2,'0',NULL,'1',' ','2018-05-15 21:35:18',' ','2020-03-24 08:57:23','0');
INSERT INTO `sys_menu` VALUES (2504,'еҜҶй’ҘжҹҘзңӢ','sys_social_details_view',NULL,NULL,2500,'1','1',2,'0',NULL,'1',' ','2018-05-15 21:35:18',' ','2020-03-24 08:57:23','0');
INSERT INTO `sys_menu` VALUES (2600,'д»ӨзүҢз®ЎзҗҶ',NULL,'/admin/token/index',NULL,2000,'iconfont icon-lingpai','1',11,'0',NULL,'0','','2018-09-04 05:58:41','admin','2023-02-16 15:28:28','0');
INSERT INTO `sys_menu` VALUES (2601,'д»ӨзүҢеҲ йҷӨ','sys_token_del',NULL,NULL,2600,NULL,'1',1,'0',NULL,'1',' ','2018-09-04 05:59:50',' ','2020-03-24 08:57:24','0');
INSERT INTO `sys_menu` VALUES (2800,'Quartzз®ЎзҗҶ',NULL,'/daemon/job-manage/index',NULL,2000,'iconfont icon-quartz','1',4,'0',NULL,'0','','2018-01-20 13:17:19','admin','2023-11-27 14:52:53','0');
INSERT INTO `sys_menu` VALUES (2810,'д»»еҠЎж–°еўһ','job_sys_job_add',NULL,NULL,2800,'1','1',0,'0',NULL,'1',' ','2018-05-15 21:35:18',' ','2020-03-24 08:57:26','0');
INSERT INTO `sys_menu` VALUES (2820,'д»»еҠЎдҝ®ж”№','job_sys_job_edit',NULL,NULL,2800,'1','1',0,'0',NULL,'1',' ','2018-05-15 21:35:18',' ','2020-03-24 08:57:27','0');
INSERT INTO `sys_menu` VALUES (2830,'д»»еҠЎеҲ йҷӨ','job_sys_job_del',NULL,NULL,2800,'1','1',0,'0',NULL,'1',' ','2018-05-15 21:35:18',' ','2020-03-24 08:57:28','0');
INSERT INTO `sys_menu` VALUES (2840,'д»»еҠЎжҡӮеҒң','job_sys_job_shutdown_job',NULL,NULL,2800,'1','1',0,'0',NULL,'1',' ','2018-05-15 21:35:18',' ','2020-03-24 08:57:28','0');
INSERT INTO `sys_menu` VALUES (2850,'д»»еҠЎејҖе§Ӣ','job_sys_job_start_job',NULL,NULL,2800,'1','1',0,'0',NULL,'1',' ','2018-05-15 21:35:18',' ','2020-03-24 08:57:29','0');
INSERT INTO `sys_menu` VALUES (2860,'д»»еҠЎеҲ·ж–°','job_sys_job_refresh_job',NULL,NULL,2800,'1','1',0,'0',NULL,'1',' ','2018-05-15 21:35:18',' ','2020-03-24 08:57:30','0');
INSERT INTO `sys_menu` VALUES (2870,'жү§иЎҢд»»еҠЎ','job_sys_job_run_job',NULL,NULL,2800,'1','1',0,'0',NULL,'1',' ','2019-08-08 15:35:18',' ','2020-03-24 08:57:31','0');
INSERT INTO `sys_menu` VALUES (2871,'еҜјеҮә','job_sys_job_export',NULL,NULL,2800,NULL,'1',0,'0','0','1','admin','2023-03-06 15:26:13',' ',NULL,'0');
INSERT INTO `sys_menu` VALUES (2900,'еӣҪйҷ…еҢ–з®ЎзҗҶ',NULL,'/admin/i18n/index',NULL,2000,'iconfont icon-zhongyingwenqiehuan','1',8,'0',NULL,'0','',NULL,'admin','2023-02-16 15:25:18','0');
INSERT INTO `sys_menu` VALUES (2901,'зі»з»ҹиЎЁ-еӣҪйҷ…еҢ–жҹҘзңӢ','sys_i18n_view',NULL,NULL,2900,'1','1',0,'0',NULL,'1',' ',NULL,' ',NULL,'0');
INSERT INTO `sys_menu` VALUES (2902,'зі»з»ҹиЎЁ-еӣҪйҷ…еҢ–ж–°еўһ','sys_i18n_add',NULL,NULL,2900,'1','1',1,'0',NULL,'1',' ',NULL,' ',NULL,'0');
INSERT INTO `sys_menu` VALUES (2903,'зі»з»ҹиЎЁ-еӣҪйҷ…еҢ–дҝ®ж”№','sys_i18n_edit',NULL,NULL,2900,'1','1',2,'0',NULL,'1',' ',NULL,' ',NULL,'0');
INSERT INTO `sys_menu` VALUES (2904,'зі»з»ҹиЎЁ-еӣҪйҷ…еҢ–еҲ йҷӨ','sys_i18n_del',NULL,NULL,2900,'1','1',3,'0',NULL,'1',' ',NULL,' ',NULL,'0');
INSERT INTO `sys_menu` VALUES (2905,'еҜје…ҘеҜјеҮә','sys_i18n_export',NULL,NULL,2900,'1','1',3,'0',NULL,'1',' ',NULL,' ',NULL,'0');
INSERT INTO `sys_menu` VALUES (2906,'ж–Үд»¶з®ЎзҗҶ',NULL,'/admin/file/index',NULL,2000,'iconfont icon-wendangguanli','1',6,'0',NULL,'0','','2019-06-25 12:44:46','admin','2023-02-16 15:24:42','0');
INSERT INTO `sys_menu` VALUES (2907,'еҲ йҷӨж–Үд»¶','sys_file_del',NULL,NULL,2906,NULL,'1',1,'0',NULL,'1',' ','2019-06-25 13:41:41',' ','2020-03-24 08:58:42','0');
INSERT INTO `sys_menu` VALUES (2908,'жҹҘзңӢж–Үд»¶','sys_file_view',NULL,NULL,2906,NULL,'1',1,'0',NULL,'1',' ','2019-06-25 13:41:41',' ','2020-03-24 08:58:42','0');
INSERT INTO `sys_menu` VALUES (2910,'иЎҢж”ҝеҢәеҲ’','','/admin/sysArea/index',NULL,2000,'iconfont icon-hangzhengquhuaguanli','1',99,'0',NULL,'0','',NULL,'admin','2024-02-16 22:11:03','0');
INSERT INTO `sys_menu` VALUES (2911,'иЎҢж”ҝеҢәеҲ’иЎЁжҹҘзңӢ','sys_sysArea_view',NULL,NULL,2910,'1','1',0,'0',NULL,'1',' ',NULL,' ','2024-02-17 14:31:09','0');
INSERT INTO `sys_menu` VALUES (2912,'иЎҢж”ҝеҢәеҲ’иЎЁж–°еўһ','sys_sysArea_add',NULL,NULL,2910,'1','1',1,'0',NULL,'1',' ',NULL,' ','2024-02-17 14:31:16','0');
INSERT INTO `sys_menu` VALUES (2913,'иЎҢж”ҝеҢәеҲ’иЎЁеҲ йҷӨ','sys_sysArea_del',NULL,NULL,2910,'1','1',3,'0',NULL,'1',' ',NULL,' ','2024-02-17 14:31:21','0');
INSERT INTO `sys_menu` VALUES (2914,'еҜје…ҘеҜјеҮә','sys_sysArea_export',NULL,NULL,2910,'1','1',3,'0',NULL,'1',' ',NULL,' ','2024-02-17 14:31:26','0');
INSERT INTO `sys_menu` VALUES (2915,'иЎҢж”ҝеҢәеҲ’иЎЁдҝ®ж”№','sys_sysArea_edit',NULL,NULL,2910,'1','1',2,'0',NULL,'1',' ',NULL,' ','2024-02-17 14:31:31','0');
INSERT INTO `sys_menu` VALUES (2920,'ж•Ҹж„ҹиҜҚз®ЎзҗҶ','','/admin/sensitive/index',NULL,2000,'iconfont icon-sensitiveword','1',12,'0',NULL,'0','',NULL,'admin','2024-07-07 15:09:27','0');
INSERT INTO `sys_menu` VALUES (2921,'ж•Ҹж„ҹиҜҚжҹҘзңӢ','admin_sysSensitiveWord_view',NULL,NULL,2920,'1','1',0,'0',NULL,'1',' ',NULL,' ',NULL,'0');
INSERT INTO `sys_menu` VALUES (2922,'ж•Ҹж„ҹиҜҚж–°еўһ','admin_sysSensitiveWord_add',NULL,NULL,2920,'1','1',1,'0',NULL,'1',' ',NULL,' ',NULL,'0');
INSERT INTO `sys_menu` VALUES (2923,'ж•Ҹж„ҹиҜҚдҝ®ж”№','admin_sysSensitiveWord_edit',NULL,NULL,2920,'1','1',2,'0',NULL,'1',' ',NULL,' ',NULL,'0');
INSERT INTO `sys_menu` VALUES (2924,'ж•Ҹж„ҹиҜҚеҲ йҷӨ','admin_sysSensitiveWord_del',NULL,NULL,2920,'1','1',3,'0',NULL,'1',' ',NULL,' ',NULL,'0');
INSERT INTO `sys_menu` VALUES (2925,'еҜје…ҘеҜјеҮә','admin_sysSensitiveWord_export',NULL,NULL,2920,'1','1',3,'0',NULL,'1',' ',NULL,' ',NULL,'0');
INSERT INTO `sys_menu` VALUES (4002,'зј“еӯҳзӣ‘жҺ§',NULL,'/ext/cache',NULL,2000,'iconfont icon-huancunjiankong','1',1,'0','0','0','admin','2023-05-29 15:12:59','admin','2023-11-27 14:52:56','0');
INSERT INTO `sys_menu` VALUES (4010,'дҝЎжҒҜжҺЁйҖҒ','','/admin/message/index',NULL,2000,'iconfont icon-xinxituisong','1',7,'0',NULL,'0','',NULL,'admin','2025-01-26 22:22:24','0');
INSERT INTO `sys_menu` VALUES (4011,'дҝЎжҒҜжҺЁйҖҒжҹҘзңӢ','sys_message_view',NULL,NULL,4010,'1','1',0,'0',NULL,'1','',NULL,'admin','2023-10-25 14:51:54','0');
INSERT INTO `sys_menu` VALUES (4012,'дҝЎжҒҜжҺЁйҖҒж–°еўһ','sys_message_add',NULL,NULL,4010,'1','1',1,'0',NULL,'1','',NULL,'admin','2023-10-25 14:52:00','0');
INSERT INTO `sys_menu` VALUES (4013,'дҝЎжҒҜжҺЁйҖҒдҝ®ж”№','sys_message_edit',NULL,NULL,4010,'1','1',2,'0',NULL,'1','',NULL,'admin','2023-10-25 14:52:04','0');
INSERT INTO `sys_menu` VALUES (4014,'дҝЎжҒҜжҺЁйҖҒеҲ йҷӨ','sys_message_del',NULL,NULL,4010,'1','1',3,'0',NULL,'1','',NULL,'admin','2023-10-25 14:52:09','0');
INSERT INTO `sys_menu` VALUES (9000,'ејҖеҸ‘е№іеҸ°',NULL,'/gen',NULL,-1,'iconfont icon-DevOps','1',9,'0','0','0','','2019-08-12 09:35:16','admin','2025-01-26 22:38:09','0');
INSERT INTO `sys_menu` VALUES (9005,'ж•°жҚ®жәҗз®ЎзҗҶ',NULL,'/gen/datasource/index',NULL,9000,'iconfont icon-shujuyuanguanli','1',0,'0',NULL,'0','','2019-08-12 09:42:11','admin','2025-01-26 22:26:51','0');
INSERT INTO `sys_menu` VALUES (9006,'иЎЁеҚ•и®ҫи®Ў',NULL,'/gen/design/index',NULL,9000,'iconfont icon-AIshiyanshi','0',2,'0','0','0','','2019-08-16 10:08:56','admin','2023-02-23 14:06:50','0');
INSERT INTO `sys_menu` VALUES (9007,'з”ҹжҲҗйЎөйқў',NULL,'/gen/gener/index',NULL,9000,'iconfont icon-tongzhi4','0',1,'0','0','0','admin','2023-02-20 09:58:23','admin','2023-02-20 14:41:43','0');
INSERT INTO `sys_menu` VALUES (9050,'е…ғж•°жҚ®з®ЎзҗҶ',NULL,'/gen/metadata',NULL,9000,'iconfont icon-yuanshujuguanli','1',9,'0','0','0','','2018-07-27 01:13:21','admin','2023-02-23 19:55:10','0');
INSERT INTO `sys_menu` VALUES (9051,'жЁЎжқҝз®ЎзҗҶ',NULL,'/gen/template/index',NULL,9050,'iconfont icon-mti-mobanguanli','1',5,'0','0','0','admin','2023-02-21 11:22:54','admin','2023-02-23 19:56:03','0');
INSERT INTO `sys_menu` VALUES (9052,'жҹҘиҜў','codegen_template_view',NULL,NULL,9051,NULL,'0',0,'0','0','1','admin','2023-02-21 12:33:03','admin','2023-02-21 13:50:54','0');
INSERT INTO `sys_menu` VALUES (9053,'еўһеҠ ','codegen_template_add',NULL,NULL,9051,NULL,'1',0,'0','0','1','admin','2023-02-21 13:34:10','admin','2023-02-21 13:39:49','0');
INSERT INTO `sys_menu` VALUES (9054,'ж–°еўһ','codegen_template_add',NULL,NULL,9051,NULL,'0',1,'0','0','1','admin','2023-02-21 13:51:32',' ',NULL,'0');
INSERT INTO `sys_menu` VALUES (9055,'еҜјеҮә','codegen_template_export',NULL,NULL,9051,NULL,'0',2,'0','0','1','admin','2023-02-21 13:51:58',' ',NULL,'0');
INSERT INTO `sys_menu` VALUES (9056,'еҲ йҷӨ','codegen_template_del',NULL,NULL,9051,NULL,'0',3,'0','0','1','admin','2023-02-21 13:52:16',' ',NULL,'0');
INSERT INTO `sys_menu` VALUES (9057,'зј–иҫ‘','codegen_template_edit',NULL,NULL,9051,NULL,'0',4,'0','0','1','admin','2023-02-21 13:52:58',' ',NULL,'0');
INSERT INTO `sys_menu` VALUES (9059,'жЁЎжқҝеҲҶз»„',NULL,'/gen/group/index',NULL,9050,'iconfont icon-shuxingtu','1',6,'0','0','0','admin','2023-02-21 15:06:50','admin','2023-02-23 19:55:25','0');
INSERT INTO `sys_menu` VALUES (9060,'жҹҘиҜў','codegen_group_view',NULL,NULL,9059,NULL,'0',0,'0','0','1','admin','2023-02-21 15:08:07',' ',NULL,'0');
INSERT INTO `sys_menu` VALUES (9061,'ж–°еўһ','codegen_group_add',NULL,NULL,9059,NULL,'0',0,'0','0','1','admin','2023-02-21 15:08:28',' ',NULL,'0');
INSERT INTO `sys_menu` VALUES (9062,'дҝ®ж”№','codegen_group_edit',NULL,NULL,9059,NULL,'0',0,'0','0','1','admin','2023-02-21 15:08:43',' ',NULL,'0');
INSERT INTO `sys_menu` VALUES (9063,'еҲ йҷӨ','codegen_group_del',NULL,NULL,9059,NULL,'0',0,'0','0','1','admin','2023-02-21 15:09:02',' ',NULL,'0');
INSERT INTO `sys_menu` VALUES (9064,'еҜјеҮә','codegen_group_export',NULL,NULL,9059,NULL,'0',0,'0','0','1','admin','2023-02-21 15:09:22',' ',NULL,'0');
INSERT INTO `sys_menu` VALUES (9065,'еӯ—ж®өз®ЎзҗҶ',NULL,'/gen/field-type/index',NULL,9050,'iconfont icon-field-manage','1',0,'0','0','0','admin','2023-02-23 20:05:09','admin','2025-01-26 22:31:28','0');
COMMIT;


-- ----------------------------
-- Table structure for sys_oauth_client_details
-- ----------------------------
DROP TABLE IF EXISTS `sys_oauth_client_details`;
CREATE TABLE `sys_oauth_client_details` (
  `id` bigint(20) NOT NULL COMMENT 'ID',
  `client_id` varchar(32) CHARACTER SET utf8mb4 COLLATE utf8mb4_general_ci NOT NULL COMMENT 'е®ўжҲ·з«ҜID',
  `resource_ids` varchar(256) CHARACTER SET utf8mb4 COLLATE utf8mb4_general_ci DEFAULT NULL COMMENT 'иө„жәҗIDйӣҶеҗҲ',
  `client_secret` varchar(256) CHARACTER SET utf8mb4 COLLATE utf8mb4_general_ci DEFAULT NULL COMMENT 'е®ўжҲ·з«Ҝз§ҳй’Ҙ',
  `scope` varchar(256) CHARACTER SET utf8mb4 COLLATE utf8mb4_general_ci DEFAULT NULL COMMENT 'жҺҲжқғиҢғеӣҙ',
  `authorized_grant_types` varchar(256) CHARACTER SET utf8mb4 COLLATE utf8mb4_general_ci DEFAULT NULL COMMENT 'жҺҲжқғзұ»еһӢ',
  `web_server_redirect_uri` varchar(256) CHARACTER SET utf8mb4 COLLATE utf8mb4_general_ci DEFAULT NULL COMMENT 'еӣһи°ғең°еқҖ',
  `authorities` varchar(256) CHARACTER SET utf8mb4 COLLATE utf8mb4_general_ci DEFAULT NULL COMMENT 'жқғйҷҗйӣҶеҗҲ',
  `access_token_validity` int(11) DEFAULT NULL COMMENT 'и®ҝй—®д»ӨзүҢжңүж•ҲжңҹпјҲз§’пјү',
  `refresh_token_validity` int(11) DEFAULT NULL COMMENT 'еҲ·ж–°д»ӨзүҢжңүж•ҲжңҹпјҲз§’пјү',
  `additional_information` varchar(4096) CHARACTER SET utf8mb4 COLLATE utf8mb4_general_ci DEFAULT NULL COMMENT 'йҷ„еҠ дҝЎжҒҜ',
  `autoapprove` varchar(256) CHARACTER SET utf8mb4 COLLATE utf8mb4_general_ci DEFAULT NULL COMMENT 'иҮӘеҠЁжҺҲжқғ',
  `del_flag` char(1) CHARACTER SET utf8mb4 COLLATE utf8mb4_general_ci DEFAULT '0' COMMENT 'еҲ йҷӨж Үи®°пјҢ0жңӘеҲ йҷӨпјҢ1е·ІеҲ йҷӨ',
  `create_by` varchar(64) CHARACTER SET utf8 COLLATE utf8_general_ci DEFAULT ' ' COMMENT 'еҲӣе»әдәә',
  `update_by` varchar(64) CHARACTER SET utf8 COLLATE utf8_general_ci DEFAULT ' ' COMMENT 'дҝ®ж”№дәә',
  `create_time` datetime DEFAULT NULL COMMENT 'еҲӣе»әж—¶й—ҙ',
  `update_time` datetime DEFAULT NULL COMMENT 'жӣҙж–°ж—¶й—ҙ',
  PRIMARY KEY (`id`) USING BTREE
) ENGINE=InnoDB DEFAULT CHARSET=utf8mb4 COLLATE=utf8mb4_general_ci COMMENT='з»Ҳз«ҜдҝЎжҒҜиЎЁ';

-- ----------------------------
-- Records of sys_oauth_client_details
-- ----------------------------
BEGIN;
INSERT INTO `sys_oauth_client_details` VALUES (1, 'app', NULL, 'app', 'server', 'password,refresh_token,authorization_code,client_credentials,mobile', 'http://localhost:4040/sso1/login,http://localhost:4041/sso1/login,http://localhost:8080/renren-admin/sys/oauth2-sso,http://localhost:8090/sys/oauth2-sso', NULL, 43200, 2592001, '{\"enc_flag\":\"1\",\"captcha_flag\":\"1\",\"online_quantity\":\"1\"}', 'true', '0', '', 'admin', NULL, '2023-02-09 13:54:54');
INSERT INTO `sys_oauth_client_details` VALUES (2, 'daemon', NULL, 'daemon', 'server', 'password,refresh_token', NULL, NULL, 43200, 2592001, '{\"enc_flag\":\"1\",\"captcha_flag\":\"1\"}', 'true', '0', ' ', ' ', NULL, NULL);
INSERT INTO `sys_oauth_client_details` VALUES (3, 'gen', NULL, 'gen', 'server', 'password,refresh_token', NULL, NULL, 43200, 2592001, '{\"enc_flag\":\"1\",\"captcha_flag\":\"1\"}', 'true', '0', ' ', ' ', NULL, NULL);
INSERT INTO `sys_oauth_client_details` VALUES (4, 'mp', NULL, 'mp', 'server', 'password,refresh_token', NULL, NULL, 43200, 2592001, '{\"enc_flag\":\"1\",\"captcha_flag\":\"1\"}', 'true', '0', ' ', ' ', NULL, NULL);
INSERT INTO `sys_oauth_client_details` VALUES (5, 'pig', NULL, 'pig', 'server', 'password,refresh_token,authorization_code,client_credentials,mobile', 'http://localhost:4040/sso1/login,http://localhost:4041/sso1/login,http://localhost:8080/renren-admin/sys/oauth2-sso,http://localhost:8090/sys/oauth2-sso', NULL, 43200, 2592001, '{\"enc_flag\":\"1\",\"captcha_flag\":\"1\",\"online_quantity\":\"1\"}', 'false', '0', '', 'admin', NULL, '2023-03-08 11:32:41');
INSERT INTO `sys_oauth_client_details` VALUES (6, 'test', NULL, 'test', 'server', 'password,refresh_token', NULL, NULL, 43200, 2592001, '{ \"enc_flag\":\"1\",\"captcha_flag\":\"0\"}', 'true', '0', ' ', ' ', NULL, NULL);
INSERT INTO `sys_oauth_client_details` VALUES (7, 'social', NULL, 'social', 'server', 'password,refresh_token,mobile', NULL, NULL, 43200, 2592001, '{ \"enc_flag\":\"0\",\"captcha_flag\":\"0\"}', 'true', '0', ' ', ' ', NULL, NULL);
INSERT INTO `sys_oauth_client_details` VALUES (8, 'mini', NULL, 'mini', 'server', 'password,mobile', NULL, NULL, 160000000, 160000000, '{\"captcha_flag\":\"0\",\"enc_flag\":\"0\",\"online_quantity\":\"1\"}', 'true', '0', 'admin', 'admin', '2023-01-29 16:38:06', '2023-01-29 17:21:56');
COMMIT;

-- ----------------------------
-- Table structure for sys_post
-- ----------------------------
DROP TABLE IF EXISTS `sys_post`;
CREATE TABLE `sys_post` (
  `post_id` bigint(20) NOT NULL COMMENT 'еІ—дҪҚID',
  `post_code` varchar(64) CHARACTER SET utf8mb4 COLLATE utf8mb4_general_ci NOT NULL COMMENT 'еІ—дҪҚзј–з Ғ',
  `post_name` varchar(50) CHARACTER SET utf8mb4 COLLATE utf8mb4_general_ci NOT NULL COMMENT 'еІ—дҪҚеҗҚз§°',
  `post_sort` int(11) NOT NULL COMMENT 'еІ—дҪҚжҺ’еәҸ',
  `remark` varchar(500) CHARACTER SET utf8mb4 COLLATE utf8mb4_general_ci DEFAULT NULL COMMENT 'еІ—дҪҚжҸҸиҝ°',
  `del_flag` char(1) CHARACTER SET utf8mb4 COLLATE utf8mb4_general_ci NOT NULL DEFAULT '0' COMMENT 'жҳҜеҗҰеҲ йҷӨ  -1пјҡе·ІеҲ йҷӨ  0пјҡжӯЈеёё',
  `create_time` datetime DEFAULT NULL COMMENT 'еҲӣе»әж—¶й—ҙ',
  `create_by` varchar(64) CHARACTER SET utf8mb4 COLLATE utf8mb4_general_ci DEFAULT '' COMMENT 'еҲӣе»әдәә',
  `update_time` datetime DEFAULT NULL COMMENT 'жӣҙж–°ж—¶й—ҙ',
  `update_by` varchar(64) CHARACTER SET utf8mb4 COLLATE utf8mb4_general_ci DEFAULT '' COMMENT 'жӣҙж–°дәә',
  PRIMARY KEY (`post_id`) USING BTREE
) ENGINE=InnoDB DEFAULT CHARSET=utf8mb4 COLLATE=utf8mb4_general_ci COMMENT='еІ—дҪҚдҝЎжҒҜиЎЁ';

-- ----------------------------
-- Records of sys_post
-- ----------------------------
BEGIN;
INSERT INTO `sys_post` VALUES (1, 'TEAM_LEADER', 'йғЁй—ЁиҙҹиҙЈдәә', 0, 'LEADER', '0', '2022-03-26 13:48:17', '', '2023-03-08 16:03:35', 'admin');
COMMIT;

-- ----------------------------
-- Table structure for sys_public_param
-- ----------------------------
DROP TABLE IF EXISTS `sys_public_param`;
CREATE TABLE `sys_public_param` (
  `public_id` bigint(20) NOT NULL COMMENT 'зј–еҸ·',
  `public_name` varchar(128) CHARACTER SET utf8mb4 COLLATE utf8mb4_general_ci DEFAULT NULL COMMENT 'еҗҚз§°',
  `public_key` varchar(128) CHARACTER SET utf8mb4 COLLATE utf8mb4_general_ci DEFAULT NULL COMMENT 'й”®',
  `public_value` varchar(128) CHARACTER SET utf8mb4 COLLATE utf8mb4_general_ci DEFAULT NULL COMMENT 'еҖј',
  `status` char(1) CHARACTER SET utf8mb4 COLLATE utf8mb4_general_ci DEFAULT '0' COMMENT 'зҠ¶жҖҒпјҢ0зҰҒз”ЁпјҢ1еҗҜз”Ё',
  `validate_code` varchar(64) CHARACTER SET utf8mb4 COLLATE utf8mb4_general_ci DEFAULT NULL COMMENT 'ж ЎйӘҢз Ғ',
  `create_by` varchar(64) CHARACTER SET utf8 COLLATE utf8_general_ci DEFAULT ' ' COMMENT 'еҲӣе»әдәә',
  `update_by` varchar(64) CHARACTER SET utf8 COLLATE utf8_general_ci DEFAULT ' ' COMMENT 'дҝ®ж”№дәә',
  `create_time` datetime DEFAULT CURRENT_TIMESTAMP COMMENT 'еҲӣе»әж—¶й—ҙ',
  `update_time` datetime DEFAULT NULL ON UPDATE CURRENT_TIMESTAMP COMMENT 'жӣҙж–°ж—¶й—ҙ',
  `public_type` char(1) CHARACTER SET utf8mb4 COLLATE utf8mb4_general_ci DEFAULT '0' COMMENT 'зұ»еһӢпјҢ0жңӘзҹҘпјҢ1зі»з»ҹпјҢ2дёҡеҠЎ',
  `system_flag` char(1) CHARACTER SET utf8mb4 COLLATE utf8mb4_general_ci DEFAULT '0' COMMENT 'зі»з»ҹж ҮиҜҶпјҢ0йқһзі»з»ҹпјҢ1зі»з»ҹ',
  `del_flag` char(1) CHARACTER SET utf8mb4 COLLATE utf8mb4_general_ci DEFAULT '0' COMMENT 'еҲ йҷӨж Үи®°пјҢ0жңӘеҲ йҷӨпјҢ1е·ІеҲ йҷӨ',
  PRIMARY KEY (`public_id`) USING BTREE
) ENGINE=InnoDB DEFAULT CHARSET=utf8mb4 COLLATE=utf8mb4_general_ci COMMENT='е…¬е…ұеҸӮж•°й…ҚзҪ®иЎЁ';

-- ----------------------------
-- Records of sys_public_param
-- ----------------------------
BEGIN;
INSERT INTO `sys_public_param` VALUES (1, 'з§ҹжҲ·й»ҳи®ӨжқҘжәҗ', 'TENANT_DEFAULT_ID', '1', '0', '', ' ', ' ', '2020-05-12 04:03:46', '2020-06-20 08:56:30', '2', '0', '1');
INSERT INTO `sys_public_param` VALUES (2, 'з§ҹжҲ·й»ҳи®ӨйғЁй—ЁеҗҚз§°', 'TENANT_DEFAULT_DEPTNAME', 'з§ҹжҲ·й»ҳи®ӨйғЁй—Ё', '0', '', ' ', ' ', '2020-05-12 03:36:32', NULL, '2', '1', '0');
INSERT INTO `sys_public_param` VALUES (3, 'з§ҹжҲ·й»ҳи®ӨиҙҰжҲ·', 'TENANT_DEFAULT_USERNAME', 'admin', '0', '', ' ', ' ', '2020-05-12 04:05:04', NULL, '2', '1', '0');
INSERT INTO `sys_public_param` VALUES (4, 'з§ҹжҲ·й»ҳи®ӨеҜҶз Ғ', 'TENANT_DEFAULT_PASSWORD', '123456', '0', '', ' ', ' ', '2020-05-12 04:05:24', NULL, '2', '1', '0');
INSERT INTO `sys_public_param` VALUES (5, 'з§ҹжҲ·й»ҳи®Өи§’иүІзј–з Ғ', 'TENANT_DEFAULT_ROLECODE', 'ROLE_ADMIN', '0', '', ' ', ' ', '2020-05-12 04:05:57', NULL, '2', '1', '0');
INSERT INTO `sys_public_param` VALUES (6, 'з§ҹжҲ·й»ҳи®Өи§’иүІеҗҚз§°', 'TENANT_DEFAULT_ROLENAME', 'з§ҹжҲ·й»ҳи®Өи§’иүІ', '0', '', ' ', ' ', '2020-05-12 04:06:19', NULL, '2', '1', '0');
INSERT INTO `sys_public_param` VALUES (7, 'иЎЁеүҚзјҖ', 'GEN_TABLE_PREFIX', 'tb_', '0', '', ' ', ' ', '2020-05-12 04:23:04', NULL, '9', '1', '0');
INSERT INTO `sys_public_param` VALUES (8, 'жҺҘеҸЈж–ҮжЎЈдёҚжҳҫзӨәзҡ„еӯ—ж®ө', 'GEN_HIDDEN_COLUMNS', 'tenant_id', '0', '', ' ', ' ', '2020-05-12 04:25:19', NULL, '9', '1', '0');
INSERT INTO `sys_public_param` VALUES (9, 'жіЁеҶҢз”ЁжҲ·й»ҳи®Өи§’иүІ', 'USER_DEFAULT_ROLE', 'GENERAL_USER', '0', NULL, ' ', ' ', '2022-03-31 16:52:24', NULL, '2', '1', '0');
COMMIT;

-- ----------------------------
-- Table structure for sys_role
-- ----------------------------
DROP TABLE IF EXISTS `sys_role`;
CREATE TABLE `sys_role` (
  `role_id` bigint(20) NOT NULL COMMENT 'и§’иүІID',
  `role_name` varchar(64) CHARACTER SET utf8mb4 COLLATE utf8mb4_general_ci DEFAULT NULL COMMENT 'и§’иүІеҗҚз§°',
  `role_code` varchar(64) CHARACTER SET utf8mb4 COLLATE utf8mb4_general_ci DEFAULT NULL COMMENT 'и§’иүІзј–з Ғ',
  `role_desc` varchar(255) CHARACTER SET utf8mb4 COLLATE utf8mb4_general_ci DEFAULT NULL COMMENT 'и§’иүІжҸҸиҝ°',
  `ds_type` char(1) CHARACTER SET utf8mb4 COLLATE utf8mb4_general_ci DEFAULT '2' COMMENT 'ж•°жҚ®жқғйҷҗзұ»еһӢпјҢ0е…ЁйғЁпјҢ1иҮӘе®ҡд№үпјҢ2жң¬йғЁй—ЁеҸҠд»ҘдёӢпјҢ3жң¬йғЁй—ЁпјҢ4д»…жң¬дәә',
  `ds_scope` varchar(255) CHARACTER SET utf8mb4 COLLATE utf8mb4_general_ci DEFAULT NULL COMMENT 'ж•°жҚ®жқғйҷҗиҢғеӣҙ',
  `create_by` varchar(64) CHARACTER SET utf8 COLLATE utf8_general_ci DEFAULT ' ' COMMENT 'еҲӣе»әдәә',
  `update_by` varchar(64) CHARACTER SET utf8 COLLATE utf8_general_ci DEFAULT ' ' COMMENT 'дҝ®ж”№дәә',
  `create_time` datetime DEFAULT CURRENT_TIMESTAMP COMMENT 'еҲӣе»әж—¶й—ҙ',
  `update_time` datetime DEFAULT NULL ON UPDATE CURRENT_TIMESTAMP COMMENT 'жӣҙж–°ж—¶й—ҙ',
  `del_flag` char(1) CHARACTER SET utf8mb4 COLLATE utf8mb4_general_ci DEFAULT '0' COMMENT 'еҲ йҷӨж Үи®°пјҢ0жңӘеҲ йҷӨпјҢ1е·ІеҲ йҷӨ',
  PRIMARY KEY (`role_id`) USING BTREE,
  KEY `role_idx1_role_code` (`role_code`) USING BTREE
) ENGINE=InnoDB DEFAULT CHARSET=utf8mb4 COLLATE=utf8mb4_general_ci COMMENT='зі»з»ҹи§’иүІиЎЁ';

-- ----------------------------
-- Records of sys_role
-- ----------------------------
BEGIN;
INSERT INTO `sys_role` VALUES (1, 'з®ЎзҗҶе‘ҳ', 'ROLE_ADMIN', 'з®ЎзҗҶе‘ҳ', '0', '', '', 'edg134', '2017-10-29 15:45:51', '2023-04-06 14:03:28', '0');
INSERT INTO `sys_role` VALUES (2, 'жҷ®йҖҡз”ЁжҲ·', 'GENERAL_USER', 'жҷ®йҖҡз”ЁжҲ·', '0', '', '', 'admin', '2022-03-31 17:03:15', '2023-04-03 02:28:51', '0');
COMMIT;

-- ----------------------------
-- Table structure for sys_role_menu
-- ----------------------------
DROP TABLE IF EXISTS `sys_role_menu`;
CREATE TABLE `sys_role_menu` (
  `role_id` bigint(20) NOT NULL COMMENT 'и§’иүІID',
  `menu_id` bigint(20) NOT NULL COMMENT 'иҸңеҚ•ID',
  PRIMARY KEY (`role_id`,`menu_id`) USING BTREE
) ENGINE=InnoDB DEFAULT CHARSET=utf8mb4 COLLATE=utf8mb4_general_ci COMMENT='и§’иүІиҸңеҚ•иЎЁ';

-- ----------------------------
-- Records of sys_role_menu
-- ----------------------------
BEGIN;
INSERT INTO `sys_role_menu` VALUES (1, 1000);
INSERT INTO `sys_role_menu` VALUES (1, 1100);
INSERT INTO `sys_role_menu` VALUES (1, 1101);
INSERT INTO `sys_role_menu` VALUES (1, 1102);
INSERT INTO `sys_role_menu` VALUES (1, 1103);
INSERT INTO `sys_role_menu` VALUES (1, 1104);
INSERT INTO `sys_role_menu` VALUES (1, 1105);
INSERT INTO `sys_role_menu` VALUES (1, 1200);
INSERT INTO `sys_role_menu` VALUES (1, 1201);
INSERT INTO `sys_role_menu` VALUES (1, 1202);
INSERT INTO `sys_role_menu` VALUES (1, 1203);
INSERT INTO `sys_role_menu` VALUES (1, 1300);
INSERT INTO `sys_role_menu` VALUES (1, 1301);
INSERT INTO `sys_role_menu` VALUES (1, 1302);
INSERT INTO `sys_role_menu` VALUES (1, 1303);
INSERT INTO `sys_role_menu` VALUES (1, 1304);
INSERT INTO `sys_role_menu` VALUES (1, 1305);
INSERT INTO `sys_role_menu` VALUES (1, 1306);
INSERT INTO `sys_role_menu` VALUES (1, 1400);
INSERT INTO `sys_role_menu` VALUES (1, 1401);
INSERT INTO `sys_role_menu` VALUES (1, 1402);
INSERT INTO `sys_role_menu` VALUES (1, 1403);
INSERT INTO `sys_role_menu` VALUES (1, 1600);
INSERT INTO `sys_role_menu` VALUES (1, 1601);
INSERT INTO `sys_role_menu` VALUES (1, 1602);
INSERT INTO `sys_role_menu` VALUES (1, 1603);
INSERT INTO `sys_role_menu` VALUES (1, 1604);
INSERT INTO `sys_role_menu` VALUES (1, 1605);
INSERT INTO `sys_role_menu` VALUES (1, 2000);
INSERT INTO `sys_role_menu` VALUES (1, 2001);
INSERT INTO `sys_role_menu` VALUES (1, 2100);
INSERT INTO `sys_role_menu` VALUES (1, 2101);
INSERT INTO `sys_role_menu` VALUES (1, 2102);
INSERT INTO `sys_role_menu` VALUES (1, 2103);
INSERT INTO `sys_role_menu` VALUES (1, 2104);
INSERT INTO `sys_role_menu` VALUES (1, 2105);
INSERT INTO `sys_role_menu` VALUES (1, 2106);
INSERT INTO `sys_role_menu` VALUES (1, 2107);
INSERT INTO `sys_role_menu` VALUES (1, 2108);
INSERT INTO `sys_role_menu` VALUES (1, 2200);
INSERT INTO `sys_role_menu` VALUES (1, 2201);
INSERT INTO `sys_role_menu` VALUES (1, 2202);
INSERT INTO `sys_role_menu` VALUES (1, 2203);
INSERT INTO `sys_role_menu` VALUES (1, 2204);
INSERT INTO `sys_role_menu` VALUES (1, 2210);
INSERT INTO `sys_role_menu` VALUES (1, 2211);
INSERT INTO `sys_role_menu` VALUES (1, 2212);
INSERT INTO `sys_role_menu` VALUES (1, 2213);
INSERT INTO `sys_role_menu` VALUES (1, 2214);
INSERT INTO `sys_role_menu` VALUES (1, 2300);
INSERT INTO `sys_role_menu` VALUES (1, 2400);
INSERT INTO `sys_role_menu` VALUES (1, 2401);
INSERT INTO `sys_role_menu` VALUES (1, 2402);
INSERT INTO `sys_role_menu` VALUES (1, 2403);
INSERT INTO `sys_role_menu` VALUES (1, 2404);
INSERT INTO `sys_role_menu` VALUES (1, 2500);
INSERT INTO `sys_role_menu` VALUES (1, 2501);
INSERT INTO `sys_role_menu` VALUES (1, 2502);
INSERT INTO `sys_role_menu` VALUES (1, 2503);
INSERT INTO `sys_role_menu` VALUES (1, 2504);
INSERT INTO `sys_role_menu` VALUES (1, 2600);
INSERT INTO `sys_role_menu` VALUES (1, 2601);
INSERT INTO `sys_role_menu` VALUES (1, 2800);
INSERT INTO `sys_role_menu` VALUES (1, 2810);
INSERT INTO `sys_role_menu` VALUES (1, 2820);
INSERT INTO `sys_role_menu` VALUES (1, 2830);
INSERT INTO `sys_role_menu` VALUES (1, 2840);
INSERT INTO `sys_role_menu` VALUES (1, 2850);
INSERT INTO `sys_role_menu` VALUES (1, 2860);
INSERT INTO `sys_role_menu` VALUES (1, 2870);
INSERT INTO `sys_role_menu` VALUES (1, 2871);
INSERT INTO `sys_role_menu` VALUES (1, 2900);
INSERT INTO `sys_role_menu` VALUES (1, 2901);
INSERT INTO `sys_role_menu` VALUES (1, 2902);
INSERT INTO `sys_role_menu` VALUES (1, 2903);
INSERT INTO `sys_role_menu` VALUES (1, 2904);
INSERT INTO `sys_role_menu` VALUES (1, 2905);
INSERT INTO `sys_role_menu` VALUES (1, 2906);
INSERT INTO `sys_role_menu` VALUES (1, 2907);
INSERT INTO `sys_role_menu` VALUES (1, 2908);
INSERT INTO `sys_role_menu` VALUES (1, 2910);
INSERT INTO `sys_role_menu` VALUES (1, 2911);
INSERT INTO `sys_role_menu` VALUES (1, 2912);
INSERT INTO `sys_role_menu` VALUES (1, 2913);
INSERT INTO `sys_role_menu` VALUES (1, 2914);
INSERT INTO `sys_role_menu` VALUES (1, 2915);
INSERT INTO `sys_role_menu` VALUES (1, 2920);
INSERT INTO `sys_role_menu` VALUES (1, 2921);
INSERT INTO `sys_role_menu` VALUES (1, 2922);
INSERT INTO `sys_role_menu` VALUES (1, 2923);
INSERT INTO `sys_role_menu` VALUES (1, 2924);
INSERT INTO `sys_role_menu` VALUES (1, 2925);
INSERT INTO `sys_role_menu` VALUES (1, 4002);
INSERT INTO `sys_role_menu` VALUES (1, 4010);
INSERT INTO `sys_role_menu` VALUES (1, 4011);
INSERT INTO `sys_role_menu` VALUES (1, 4012);
INSERT INTO `sys_role_menu` VALUES (1, 4013);
INSERT INTO `sys_role_menu` VALUES (1, 4014);
INSERT INTO `sys_role_menu` VALUES (1, 9000);
INSERT INTO `sys_role_menu` VALUES (1, 9005);
INSERT INTO `sys_role_menu` VALUES (1, 9006);
INSERT INTO `sys_role_menu` VALUES (1, 9007);
INSERT INTO `sys_role_menu` VALUES (1, 9050);
INSERT INTO `sys_role_menu` VALUES (1, 9051);
INSERT INTO `sys_role_menu` VALUES (1, 9052);
INSERT INTO `sys_role_menu` VALUES (1, 9053);
INSERT INTO `sys_role_menu` VALUES (1, 9054);
INSERT INTO `sys_role_menu` VALUES (1, 9055);
INSERT INTO `sys_role_menu` VALUES (1, 9056);
INSERT INTO `sys_role_menu` VALUES (1, 9057);
INSERT INTO `sys_role_menu` VALUES (1, 9059);
INSERT INTO `sys_role_menu` VALUES (1, 9060);
INSERT INTO `sys_role_menu` VALUES (1, 9061);
INSERT INTO `sys_role_menu` VALUES (1, 9062);
INSERT INTO `sys_role_menu` VALUES (1, 9063);
INSERT INTO `sys_role_menu` VALUES (1, 9064);
INSERT INTO `sys_role_menu` VALUES (1, 9065);
COMMIT;

-- ----------------------------
-- Table structure for sys_schedule
-- ----------------------------
DROP TABLE IF EXISTS `sys_schedule`;
CREATE TABLE `sys_schedule` (
  `id` bigint(20) NOT NULL COMMENT 'id',
  `title` varchar(255) CHARACTER SET utf8mb4 COLLATE utf8mb4_general_ci DEFAULT NULL COMMENT 'ж Үйўҳ',
  `schedule_type` varchar(255) CHARACTER SET utf8mb4 COLLATE utf8mb4_general_ci DEFAULT NULL COMMENT 'ж—ҘзЁӢзұ»еһӢ',
  `schedule_state` varchar(255) CHARACTER SET utf8mb4 COLLATE utf8mb4_general_ci DEFAULT NULL COMMENT 'зҠ¶жҖҒ',
  `content` text CHARACTER SET utf8mb4 COLLATE utf8mb4_general_ci COMMENT 'еҶ…е®№',
  `schedule_time` time DEFAULT NULL COMMENT 'ж—¶й—ҙ',
  `schedule_date` date DEFAULT NULL COMMENT 'ж—Ҙжңҹ',
  `create_by` varchar(64) CHARACTER SET utf8 COLLATE utf8_general_ci DEFAULT ' ' COMMENT 'еҲӣе»әдәә',
  `create_time` datetime DEFAULT CURRENT_TIMESTAMP COMMENT 'еҲӣе»әж—¶й—ҙ',
  `update_by` varchar(64) CHARACTER SET utf8 COLLATE utf8_general_ci DEFAULT ' ' COMMENT 'дҝ®ж”№дәә',
  `update_time` datetime DEFAULT NULL ON UPDATE CURRENT_TIMESTAMP COMMENT 'жӣҙж–°ж—¶й—ҙ',
  `del_flag` char(1) CHARACTER SET utf8mb4 COLLATE utf8mb4_general_ci DEFAULT '0' COMMENT 'еҲ йҷӨж Үи®°',
  PRIMARY KEY (`id`)
) ENGINE=InnoDB DEFAULT CHARSET=utf8mb4 COLLATE=utf8mb4_general_ci COMMENT='зі»з»ҹж—ҘзЁӢз®ЎзҗҶиЎЁ';

-- ----------------------------
-- Records of sys_schedule
-- ----------------------------
BEGIN;
COMMIT;

-- ----------------------------
-- Table structure for sys_social_details
-- ----------------------------
DROP TABLE IF EXISTS `sys_social_details`;
CREATE TABLE `sys_social_details` (
  `id` bigint(20) NOT NULL COMMENT 'дё»й”®',
  `type` varchar(16) CHARACTER SET utf8mb4 COLLATE utf8mb4_general_ci DEFAULT NULL COMMENT 'зӨҫдәӨзҷ»еҪ•зұ»еһӢ',
  `remark` varchar(64) CHARACTER SET utf8mb4 COLLATE utf8mb4_general_ci DEFAULT NULL COMMENT 'еӨҮжіЁ',
  `app_id` varchar(64) CHARACTER SET utf8mb4 COLLATE utf8mb4_general_ci DEFAULT NULL COMMENT 'еә”з”ЁID',
  `app_secret` varchar(64) CHARACTER SET utf8mb4 COLLATE utf8mb4_general_ci DEFAULT NULL COMMENT 'еә”з”ЁеҜҶй’Ҙ',
  `redirect_url` varchar(128) CHARACTER SET utf8mb4 COLLATE utf8mb4_general_ci DEFAULT NULL COMMENT 'еӣһи°ғең°еқҖ',
  `ext` varchar(255) CHARACTER SET utf8mb4 COLLATE utf8mb4_general_ci DEFAULT NULL COMMENT 'жӢ“еұ•еӯ—ж®ө',
  `create_by` varchar(64) CHARACTER SET utf8 COLLATE utf8_general_ci DEFAULT ' ' COMMENT 'еҲӣе»әдәә',
  `update_by` varchar(64) CHARACTER SET utf8 COLLATE utf8_general_ci DEFAULT ' ' COMMENT 'дҝ®ж”№дәә',
  `create_time` datetime DEFAULT CURRENT_TIMESTAMP COMMENT 'еҲӣе»әж—¶й—ҙ',
  `update_time` datetime DEFAULT CURRENT_TIMESTAMP ON UPDATE CURRENT_TIMESTAMP COMMENT 'жӣҙж–°ж—¶й—ҙ',
  `del_flag` char(1) CHARACTER SET utf8mb4 COLLATE utf8mb4_general_ci DEFAULT '0' COMMENT 'еҲ йҷӨж Үи®°пјҢ0жңӘеҲ йҷӨпјҢ1е·ІеҲ йҷӨ',
  PRIMARY KEY (`id`) USING BTREE
) ENGINE=InnoDB DEFAULT CHARSET=utf8mb4 COLLATE=utf8mb4_general_ci COMMENT='зі»з»ҹзӨҫдәӨзҷ»еҪ•иҙҰеҸ·иЎЁ';

-- ----------------------------
-- Records of sys_social_details
-- ----------------------------
BEGIN;
COMMIT;

-- ----------------------------
-- ----------------------------
-- Table structure for sys_user
-- ----------------------------
DROP TABLE IF EXISTS `sys_user`;
CREATE TABLE `sys_user` (
  `user_id` bigint(20) NOT NULL COMMENT 'з”ЁжҲ·ID',
  `username` varchar(64) CHARACTER SET utf8mb4 COLLATE utf8mb4_general_ci DEFAULT NULL COMMENT 'з”ЁжҲ·еҗҚ',
  `password` varchar(255) CHARACTER SET utf8mb4 COLLATE utf8mb4_general_ci DEFAULT NULL COMMENT 'еҜҶз Ғ',
  `salt` varchar(255) CHARACTER SET utf8mb4 COLLATE utf8mb4_general_ci DEFAULT NULL COMMENT 'зӣҗеҖј',
  `phone` varchar(20) CHARACTER SET utf8mb4 COLLATE utf8mb4_general_ci DEFAULT NULL COMMENT 'з”өиҜқеҸ·з Ғ',
  `avatar` varchar(255) CHARACTER SET utf8mb4 COLLATE utf8mb4_general_ci DEFAULT NULL COMMENT 'еӨҙеғҸ',
  `nickname` varchar(64) CHARACTER SET utf8mb4 COLLATE utf8mb4_general_ci DEFAULT NULL COMMENT 'жҳөз§°',
  `name` varchar(64) CHARACTER SET utf8mb4 COLLATE utf8mb4_general_ci DEFAULT NULL COMMENT 'е§“еҗҚ',
  `email` varchar(128) CHARACTER SET utf8mb4 COLLATE utf8mb4_general_ci DEFAULT NULL COMMENT 'йӮ®з®ұең°еқҖ',
  `create_by` varchar(64) CHARACTER SET utf8 COLLATE utf8_general_ci DEFAULT ' ' COMMENT 'еҲӣе»әдәә',
  `update_by` varchar(64) CHARACTER SET utf8 COLLATE utf8_general_ci DEFAULT ' ' COMMENT 'дҝ®ж”№дәә',
  `create_time` datetime DEFAULT CURRENT_TIMESTAMP COMMENT 'еҲӣе»әж—¶й—ҙ',
  `update_time` datetime DEFAULT NULL ON UPDATE CURRENT_TIMESTAMP COMMENT 'дҝ®ж”№ж—¶й—ҙ',
  `lock_flag` char(1) CHARACTER SET utf8mb4 COLLATE utf8mb4_general_ci DEFAULT '0' COMMENT 'й”Ғе®ҡж Үи®°пјҢ0жңӘй”Ғе®ҡпјҢ9е·Ій”Ғе®ҡ',
  `password_expire_flag` char(1) CHARACTER SET utf8mb4 COLLATE utf8mb4_general_ci DEFAULT '0' COMMENT 'еҜҶз ҒжҳҜеҗҰиҝҮжңҹпјҢ0жңӘиҝҮжңҹпјҢ9е·ІиҝҮжңҹ',
  `password_modify_time` datetime DEFAULT NULL ON UPDATE CURRENT_TIMESTAMP COMMENT 'дҝ®ж”№ж—¶й—ҙ',
  `del_flag` char(1) CHARACTER SET utf8mb4 COLLATE utf8mb4_general_ci DEFAULT '0' COMMENT 'еҲ йҷӨж Үи®°пјҢ0жңӘеҲ йҷӨпјҢ1е·ІеҲ йҷӨ',
  `wx_openid` varchar(32) CHARACTER SET utf8mb4 COLLATE utf8mb4_general_ci DEFAULT NULL COMMENT 'еҫ®дҝЎзҷ»еҪ•openId',
  `mini_openid` varchar(32) CHARACTER SET utf8mb4 COLLATE utf8mb4_general_ci DEFAULT NULL COMMENT 'е°ҸзЁӢеәҸopenId',
  `qq_openid` varchar(32) CHARACTER SET utf8mb4 COLLATE utf8mb4_general_ci DEFAULT NULL COMMENT 'QQ openId',
  `gitee_login` varchar(100) CHARACTER SET utf8mb4 COLLATE utf8mb4_general_ci DEFAULT NULL COMMENT 'з Ғдә‘ж ҮиҜҶ',
  `osc_id` varchar(100) CHARACTER SET utf8mb4 COLLATE utf8mb4_general_ci DEFAULT NULL COMMENT 'ејҖжәҗдёӯеӣҪж ҮиҜҶ',
  `wx_cp_userid` varchar(100) CHARACTER SET utf8mb4 COLLATE utf8mb4_general_ci DEFAULT NULL COMMENT 'дјҒдёҡеҫ®дҝЎе”ҜдёҖID',
  `wx_ding_userid` varchar(100) CHARACTER SET utf8mb4 COLLATE utf8mb4_general_ci DEFAULT NULL COMMENT 'й’үй’үе”ҜдёҖID',
  `dept_id` bigint(20) DEFAULT NULL COMMENT 'дё»йғЁй—ЁID',
  PRIMARY KEY (`user_id`) USING BTREE
) ENGINE=InnoDB DEFAULT CHARSET=utf8mb4 COLLATE=utf8mb4_general_ci COMMENT='з”ЁжҲ·иЎЁ';

-- ----------------------------
-- Records of sys_user
-- ----------------------------
BEGIN;
INSERT INTO `sys_user` VALUES (1, 'admin', '$2a$10$c/Ae0pRjJtMZg3BnvVpO.eIK6WYWVbKTzqgdy3afR7w.vd.xi3Mgy', '', '17338122125', '/admin/sys-file/local/2a14ae08150e483c93e12ac8934173e2.png', 'з®ЎзҗҶе‘ҳ666777', 'з®ЎзҗҶе‘ҳ', 'admin@pig4cloud.com', ' ', 'admin', '2018-04-20 07:15:18', '2023-04-03 14:00:06', '0', '0', NULL, '0', NULL, 'oBxPy5E-v82xWGsfzZVzkD3wEX64', NULL, 'log4j', NULL, NULL,NULL,1);
COMMIT;

-- ----------------------------
-- Table structure for sys_user_post
-- ----------------------------
DROP TABLE IF EXISTS `sys_user_post`;
CREATE TABLE `sys_user_post` (
  `user_id` bigint(20) NOT NULL COMMENT 'з”ЁжҲ·ID',
  `post_id` bigint(20) NOT NULL COMMENT 'еІ—дҪҚID',
  PRIMARY KEY (`user_id`,`post_id`) USING BTREE
) ENGINE=InnoDB DEFAULT CHARSET=utf8mb4 COLLATE=utf8mb4_general_ci ROW_FORMAT=DYNAMIC COMMENT='з”ЁжҲ·дёҺеІ—дҪҚе…іиҒ”иЎЁ';

-- ----------------------------
-- Records of sys_user_post
-- ----------------------------
BEGIN;
INSERT INTO `sys_user_post` VALUES (1, 1);
COMMIT;

-- ----------------------------
-- Table structure for sys_user_role
-- ----------------------------
DROP TABLE IF EXISTS `sys_user_role`;
CREATE TABLE `sys_user_role` (
  `user_id` bigint(20) NOT NULL COMMENT 'з”ЁжҲ·ID',
  `role_id` bigint(20) NOT NULL COMMENT 'и§’иүІID',
  PRIMARY KEY (`user_id`,`role_id`) USING BTREE
) ENGINE=InnoDB DEFAULT CHARSET=utf8mb4 COLLATE=utf8mb4_general_ci COMMENT='з”ЁжҲ·и§’иүІиЎЁ';

-- ----------------------------
-- Records of sys_user_role
-- ----------------------------
BEGIN;
INSERT INTO `sys_user_role` VALUES (1, 1);
COMMIT;


-- ----------------------------
-- Table structure for sys_message
-- ----------------------------
DROP TABLE IF EXISTS `sys_message`;
CREATE TABLE `sys_message` (
  `id` bigint NOT NULL COMMENT 'дё»й”®',
  `category` varchar(255) COLLATE utf8mb4_general_ci DEFAULT NULL COMMENT 'еҲҶзұ»',
  `title` varchar(255) COLLATE utf8mb4_general_ci DEFAULT NULL COMMENT 'ж Үйўҳ',
  `content` text COLLATE utf8mb4_general_ci COMMENT 'еҶ…е®№',
  `send_flag` char(1) COLLATE utf8mb4_general_ci DEFAULT '0' COMMENT 'жҳҜеҗҰжҺЁйҖҒ',
  `all_flag` char(1) CHARACTER SET utf8mb4 COLLATE utf8mb4_general_ci DEFAULT '0' COMMENT 'е…ЁйғЁжҺҘеҸ—',
  `sort` int unsigned NOT NULL DEFAULT '0' COMMENT 'жҺ’еәҸ пјҲи¶ҠеӨ§и¶ҠеңЁеүҚпјү',
  `create_time` datetime DEFAULT NULL COMMENT 'еҲӣе»әж—¶й—ҙ',
  `update_time` datetime DEFAULT NULL COMMENT 'жӣҙж–°ж—¶й—ҙ',
  `create_by` varchar(32) CHARACTER SET utf8mb4 COLLATE utf8mb4_general_ci DEFAULT NULL COMMENT 'еҲӣе»әдәә',
  `update_by` varchar(32) CHARACTER SET utf8mb4 COLLATE utf8mb4_general_ci DEFAULT NULL COMMENT 'жӣҙж–°дәә',
  `del_flag` char(1) CHARACTER SET utf8mb4 COLLATE utf8mb4_general_ci NOT NULL COMMENT 'еҲ йҷӨж—¶й—ҙ',
  PRIMARY KEY (`id`)
) ENGINE=InnoDB DEFAULT CHARSET=utf8mb4 COLLATE=utf8mb4_general_ci COMMENT='з«ҷеҶ…дҝЎ';

-- ----------------------------
-- Records of sys_message
-- ----------------------------
BEGIN;
COMMIT;

-- ----------------------------
-- Table structure for sys_message_relation
-- ----------------------------
DROP TABLE IF EXISTS `sys_message_relation`;
CREATE TABLE `sys_message_relation` (
  `id` bigint NOT NULL COMMENT 'дё»й”®',
  `msg_id` bigint DEFAULT NULL COMMENT 'ж¶ҲжҒҜID',
  `user_id` bigint DEFAULT NULL COMMENT 'жҺҘж”¶дәәID',
  `content` text CHARACTER SET utf8mb4 COLLATE utf8mb4_general_ci COMMENT 'еҶ…е®№',
  `read_flag` char(1) CHARACTER SET utf8mb4 COLLATE utf8mb4_general_ci DEFAULT '0' COMMENT 'е·ІиҜ»пјҲ0еҗҰпјҢ1жҳҜпјү',
  `create_time` datetime DEFAULT NULL COMMENT 'еҲӣе»әж—¶й—ҙ',
  `update_time` datetime DEFAULT NULL COMMENT 'жӣҙж–°ж—¶й—ҙ',
  `create_by` varchar(32) CHARACTER SET utf8mb4 COLLATE utf8mb4_general_ci DEFAULT NULL COMMENT 'еҲӣе»әдәә',
  `update_by` varchar(32) CHARACTER SET utf8mb4 COLLATE utf8mb4_general_ci DEFAULT NULL COMMENT 'жӣҙж–°дәә',
  `del_flag` char(1) CHARACTER SET utf8mb4 COLLATE utf8mb4_general_ci NOT NULL COMMENT 'еҲ йҷӨж—¶й—ҙ',
  PRIMARY KEY (`id`)
) ENGINE=InnoDB DEFAULT CHARSET=utf8mb4 COLLATE=utf8mb4_general_ci COMMENT='зі»з»ҹж¶ҲжҒҜжҺЁйҖҒи®°еҪ•';

DROP TABLE IF EXISTS `sys_system_config`;
CREATE TABLE `sys_system_config` (
  `id` bigint NOT NULL COMMENT 'дё»й”®',
  `config_type` varchar(64) CHARACTER SET utf8mb4 COLLATE utf8mb4_general_ci DEFAULT NULL COMMENT 'й…ҚзҪ®зұ»еһӢ',
  `config_name` varchar(255) COLLATE utf8mb4_general_ci DEFAULT NULL COMMENT 'й…ҚзҪ®еҗҚз§°',
  `config_key` varchar(255) CHARACTER SET utf8mb4 COLLATE utf8mb4_general_ci DEFAULT NULL COMMENT 'й…ҚзҪ®ж ҮиҜҶ',
  `config_value` longtext COLLATE utf8mb4_general_ci COMMENT 'й…ҚзҪ®еҖј',
  `config_status` char(1) COLLATE utf8mb4_general_ci DEFAULT NULL COMMENT 'ејҖеҗҜзҠ¶жҖҒ',
  `create_by` varchar(64) COLLATE utf8mb4_general_ci DEFAULT NULL COMMENT 'еҲӣе»әдәә',
  `create_time` datetime DEFAULT NULL COMMENT 'еҲӣе»әж—¶й—ҙ',
  `update_by` varchar(64) COLLATE utf8mb4_general_ci DEFAULT NULL COMMENT 'дҝ®ж”№дәә',
  `update_time` datetime DEFAULT NULL COMMENT 'дҝ®ж”№ж—¶й—ҙ',
  `del_flag` char(1) COLLATE utf8mb4_general_ci DEFAULT '0' COMMENT 'еҲ йҷӨж Үи®°',
  PRIMARY KEY (`id`)
) ENGINE=InnoDB DEFAULT CHARSET=utf8mb4 COLLATE=utf8mb4_general_ci COMMENT='зі»з»ҹй…ҚзҪ®';


-- ----------------------------
-- Table structure for sys_user_dept
-- ----------------------------
DROP TABLE IF EXISTS `sys_user_dept`;
CREATE TABLE `sys_user_dept` (
  `user_id` bigint NOT NULL COMMENT 'з”ЁжҲ·ID',
  `dept_id` bigint NOT NULL COMMENT 'и§’иүІID',
  PRIMARY KEY (`user_id`,`dept_id`) USING BTREE
) ENGINE=InnoDB DEFAULT CHARSET=utf8mb4 COLLATE=utf8mb4_general_ci COMMENT='з”ЁжҲ·йғЁй—ЁиЎЁ';

-- ----------------------------
-- Records of sys_user_dept
-- ----------------------------
BEGIN;
INSERT INTO `sys_user_dept` (`user_id`, `dept_id`) VALUES (1, 1);
COMMIT;

-- ----------------------------
SET FOREIGN_KEY_CHECKS = 1;


-- ============================================

-- ----------------------------
-- Table structure for sys_job
-- ----------------------------
DROP TABLE IF EXISTS `sys_job`;
CREATE TABLE `sys_job` (
                           `job_id` bigint NOT NULL COMMENT 'д»»еҠЎid',
                           `job_name` varchar(64) NOT NULL COMMENT 'д»»еҠЎеҗҚз§°',
                           `job_group` varchar(64) NOT NULL COMMENT 'д»»еҠЎз»„еҗҚ',
                           `job_order` char(1) DEFAULT '1' COMMENT 'з»„еҶ…жү§иЎҢйЎәеҲ©пјҢеҖји¶ҠеӨ§жү§иЎҢдјҳе…Ҳзә§и¶Ҡй«ҳпјҢжңҖеӨ§еҖј9пјҢжңҖе°ҸеҖј1',
                           `job_type` char(1) NOT NULL DEFAULT '1' COMMENT '1гҖҒjavaзұ»;2гҖҒspring beanеҗҚз§°;3гҖҒrestи°ғз”Ё;4гҖҒjarи°ғз”Ё;9е…¶д»–',
                           `execute_path` varchar(500) DEFAULT NULL COMMENT 'job_type=3ж—¶пјҢrestи°ғз”Ёең°еқҖпјҢд»…ж”ҜжҢҒrest getеҚҸи®®,йңҖиҰҒеўһеҠ Stringиҝ”еӣһеҖјпјҢ0жҲҗеҠҹпјҢ1еӨұиҙҘ;job_type=4ж—¶пјҢjarи·Ҝеҫ„;е…¶е®ғеҖјдёәз©ә',
                           `class_name` varchar(500) DEFAULT NULL COMMENT 'job_type=1ж—¶пјҢзұ»е®Ңж•ҙи·Ҝеҫ„;job_type=2ж—¶пјҢspring beanеҗҚз§°;е…¶е®ғеҖјдёәз©ә',
                           `method_name` varchar(500) DEFAULT NULL COMMENT 'д»»еҠЎж–№жі•',
                           `method_params_value` varchar(2000) DEFAULT NULL COMMENT 'еҸӮж•°еҖј',
                           `cron_expression` varchar(255) DEFAULT NULL COMMENT 'cronжү§иЎҢиЎЁиҫҫејҸ',
                           `misfire_policy` varchar(20) DEFAULT '3' COMMENT 'й”ҷеӨұжү§иЎҢзӯ–з•ҘпјҲ1й”ҷеӨұе‘Ёжңҹз«ӢеҚіжү§иЎҢ 2й”ҷеӨұе‘Ёжңҹжү§иЎҢдёҖж¬Ў 3дёӢе‘Ёжңҹжү§иЎҢпјү',
                           `job_tenant_type` char(1) DEFAULT '1' COMMENT '1гҖҒеӨҡз§ҹжҲ·д»»еҠЎ;2гҖҒйқһеӨҡз§ҹжҲ·д»»еҠЎ',
                           `job_status` char(1) DEFAULT '0' COMMENT 'зҠ¶жҖҒпјҲ1гҖҒжңӘеҸ‘еёғ;2гҖҒиҝҗиЎҢдёӯ;3гҖҒжҡӮеҒң;4гҖҒеҲ йҷӨ;пјү',
                           `job_execute_status` char(1) DEFAULT '0' COMMENT 'зҠ¶жҖҒпјҲ0жӯЈеёё 1ејӮеёёпјү',
                           `create_by` varchar(64) DEFAULT NULL COMMENT 'еҲӣе»әиҖ…',
                           `create_time` datetime DEFAULT NULL COMMENT 'еҲӣе»әж—¶й—ҙ',
                           `update_by` varchar(64) DEFAULT NULL COMMENT 'жӣҙж–°иҖ…',
                           `update_time` datetime DEFAULT NULL COMMENT 'жӣҙж–°ж—¶й—ҙ',
                           `start_time` timestamp NULL DEFAULT NULL COMMENT 'еҲқж¬Ўжү§иЎҢж—¶й—ҙ',
                           `previous_time` timestamp NULL DEFAULT NULL COMMENT 'дёҠж¬Ўжү§иЎҢж—¶й—ҙ',
                           `next_time` timestamp NULL DEFAULT NULL COMMENT 'дёӢж¬Ўжү§иЎҢж—¶й—ҙ',
                           `remark` varchar(500) DEFAULT '' COMMENT 'еӨҮжіЁдҝЎжҒҜ',
                           PRIMARY KEY (`job_id`) USING BTREE,
                           UNIQUE KEY `job_name_group_idx` (`job_name`,`job_group`) USING BTREE
) ENGINE=InnoDB  COMMENT='е®ҡж—¶д»»еҠЎи°ғеәҰиЎЁ';

-- ----------------------------
DROP TABLE IF EXISTS `sys_job_log`;
CREATE TABLE `sys_job_log` (
                               `job_log_id` bigint NOT NULL COMMENT 'д»»еҠЎж—Ҙеҝ—ID',
                               `job_id` bigint NOT NULL COMMENT 'д»»еҠЎid',
                               `job_name` varchar(64)  DEFAULT NULL COMMENT 'д»»еҠЎеҗҚз§°',
                               `job_group` varchar(64)  DEFAULT NULL COMMENT 'д»»еҠЎз»„еҗҚ',
                               `job_order` char(1)  DEFAULT NULL COMMENT 'з»„еҶ…жү§иЎҢйЎәеҲ©пјҢеҖји¶ҠеӨ§жү§иЎҢдјҳе…Ҳзә§и¶Ҡй«ҳпјҢжңҖеӨ§еҖј9пјҢжңҖе°ҸеҖј1',
                               `job_type` char(1)  NOT NULL DEFAULT '1' COMMENT '1гҖҒjavaзұ»;2гҖҒspring beanеҗҚз§°;3гҖҒrestи°ғз”Ё;4гҖҒjarи°ғз”Ё;9е…¶д»–',
                               `execute_path` varchar(500)  DEFAULT NULL COMMENT 'job_type=3ж—¶пјҢrestи°ғз”Ёең°еқҖпјҢд»…ж”ҜжҢҒpostеҚҸи®®;job_type=4ж—¶пјҢjarи·Ҝеҫ„;е…¶е®ғеҖјдёәз©ә',
                               `class_name` varchar(500)  DEFAULT NULL COMMENT 'job_type=1ж—¶пјҢзұ»е®Ңж•ҙи·Ҝеҫ„;job_type=2ж—¶пјҢspring beanеҗҚз§°;е…¶е®ғеҖјдёәз©ә',
                               `method_name` varchar(500)  DEFAULT NULL COMMENT 'д»»еҠЎж–№жі•',
                               `method_params_value` varchar(2000)  DEFAULT NULL COMMENT 'еҸӮж•°еҖј',
                               `cron_expression` varchar(255)  DEFAULT NULL COMMENT 'cronжү§иЎҢиЎЁиҫҫејҸ',
                               `job_message` varchar(500)  DEFAULT NULL COMMENT 'ж—Ҙеҝ—дҝЎжҒҜ',
                               `job_log_status` char(1)  DEFAULT '0' COMMENT 'жү§иЎҢзҠ¶жҖҒпјҲ0жӯЈеёё 1еӨұиҙҘпјү',
                               `execute_time` varchar(30)  DEFAULT NULL COMMENT 'жү§иЎҢж—¶й—ҙ',
                               `exception_info` varchar(2000)  DEFAULT '' COMMENT 'ејӮеёёдҝЎжҒҜ',
                               `create_time` datetime DEFAULT NULL COMMENT 'еҲӣе»әж—¶й—ҙ',
                               PRIMARY KEY (`job_log_id`) USING BTREE
) ENGINE=InnoDB  COMMENT='е®ҡж—¶д»»еҠЎжү§иЎҢж—Ҙеҝ—иЎЁ';


#
# Quartz seems to work best with the driver mm.mysql-2.0.7-bin.jar
#
# PLEASE consider using mysql with innodb tables to avoid locking issues
#
# In your Quartz properties file, you'll need to set
# org.quartz.jobStore.driverDelegateClass = org.quartz.impl.jdbcjobstore.StdJDBCDelegate
#

DROP TABLE IF EXISTS QRTZ_FIRED_TRIGGERS;
DROP TABLE IF EXISTS QRTZ_PAUSED_TRIGGER_GRPS;
DROP TABLE IF EXISTS QRTZ_SCHEDULER_STATE;
DROP TABLE IF EXISTS QRTZ_LOCKS;
DROP TABLE IF EXISTS QRTZ_SIMPLE_TRIGGERS;
DROP TABLE IF EXISTS QRTZ_SIMPROP_TRIGGERS;
DROP TABLE IF EXISTS QRTZ_CRON_TRIGGERS;
DROP TABLE IF EXISTS QRTZ_BLOB_TRIGGERS;
DROP TABLE IF EXISTS QRTZ_TRIGGERS;
DROP TABLE IF EXISTS QRTZ_JOB_DETAILS;
DROP TABLE IF EXISTS QRTZ_CALENDARS;


CREATE TABLE QRTZ_JOB_DETAILS
  (
    SCHED_NAME VARCHAR(120) NOT NULL,
    JOB_NAME  VARCHAR(200) NOT NULL,
    JOB_GROUP VARCHAR(200) NOT NULL,
    DESCRIPTION VARCHAR(250) NULL,
    JOB_CLASS_NAME   VARCHAR(250) NOT NULL,
    IS_DURABLE VARCHAR(1) NOT NULL,
    IS_NONCONCURRENT VARCHAR(1) NOT NULL,
    IS_UPDATE_DATA VARCHAR(1) NOT NULL,
    REQUESTS_RECOVERY VARCHAR(1) NOT NULL,
    JOB_DATA BLOB NULL,
    PRIMARY KEY (SCHED_NAME,JOB_NAME,JOB_GROUP)
);

CREATE TABLE QRTZ_TRIGGERS
  (
    SCHED_NAME VARCHAR(120) NOT NULL,
    TRIGGER_NAME VARCHAR(200) NOT NULL,
    TRIGGER_GROUP VARCHAR(200) NOT NULL,
    JOB_NAME  VARCHAR(200) NOT NULL,
    JOB_GROUP VARCHAR(200) NOT NULL,
    DESCRIPTION VARCHAR(250) NULL,
    NEXT_FIRE_TIME BIGINT(13) NULL,
    PREV_FIRE_TIME BIGINT(13) NULL,
    PRIORITY INTEGER NULL,
    TRIGGER_STATE VARCHAR(16) NOT NULL,
    TRIGGER_TYPE VARCHAR(8) NOT NULL,
    START_TIME BIGINT(13) NOT NULL,
    END_TIME BIGINT(13) NULL,
    CALENDAR_NAME VARCHAR(200) NULL,
    MISFIRE_INSTR SMALLINT(2) NULL,
    JOB_DATA BLOB NULL,
    PRIMARY KEY (SCHED_NAME,TRIGGER_NAME,TRIGGER_GROUP),
    FOREIGN KEY (SCHED_NAME,JOB_NAME,JOB_GROUP)
        REFERENCES QRTZ_JOB_DETAILS(SCHED_NAME,JOB_NAME,JOB_GROUP)
);

CREATE TABLE QRTZ_SIMPLE_TRIGGERS
  (
    SCHED_NAME VARCHAR(120) NOT NULL,
    TRIGGER_NAME VARCHAR(200) NOT NULL,
    TRIGGER_GROUP VARCHAR(200) NOT NULL,
    REPEAT_COUNT BIGINT(7) NOT NULL,
    REPEAT_INTERVAL BIGINT(12) NOT NULL,
    TIMES_TRIGGERED BIGINT(10) NOT NULL,
    PRIMARY KEY (SCHED_NAME,TRIGGER_NAME,TRIGGER_GROUP),
    FOREIGN KEY (SCHED_NAME,TRIGGER_NAME,TRIGGER_GROUP)
        REFERENCES QRTZ_TRIGGERS(SCHED_NAME,TRIGGER_NAME,TRIGGER_GROUP)
);

CREATE TABLE QRTZ_CRON_TRIGGERS
  (
    SCHED_NAME VARCHAR(120) NOT NULL,
    TRIGGER_NAME VARCHAR(200) NOT NULL,
    TRIGGER_GROUP VARCHAR(200) NOT NULL,
    CRON_EXPRESSION VARCHAR(200) NOT NULL,
    TIME_ZONE_ID VARCHAR(80),
    PRIMARY KEY (SCHED_NAME,TRIGGER_NAME,TRIGGER_GROUP),
    FOREIGN KEY (SCHED_NAME,TRIGGER_NAME,TRIGGER_GROUP)
        REFERENCES QRTZ_TRIGGERS(SCHED_NAME,TRIGGER_NAME,TRIGGER_GROUP)
);

CREATE TABLE QRTZ_SIMPROP_TRIGGERS
  (
    SCHED_NAME VARCHAR(120) NOT NULL,
    TRIGGER_NAME VARCHAR(200) NOT NULL,
    TRIGGER_GROUP VARCHAR(200) NOT NULL,
    STR_PROP_1 VARCHAR(512) NULL,
    STR_PROP_2 VARCHAR(512) NULL,
    STR_PROP_3 VARCHAR(512) NULL,
    INT_PROP_1 INT NULL,
    INT_PROP_2 INT NULL,
    LONG_PROP_1 BIGINT NULL,
    LONG_PROP_2 BIGINT NULL,
    DEC_PROP_1 NUMERIC(13,4) NULL,
    DEC_PROP_2 NUMERIC(13,4) NULL,
    BOOL_PROP_1 VARCHAR(1) NULL,
    BOOL_PROP_2 VARCHAR(1) NULL,
    PRIMARY KEY (SCHED_NAME,TRIGGER_NAME,TRIGGER_GROUP),
    FOREIGN KEY (SCHED_NAME,TRIGGER_NAME,TRIGGER_GROUP)
    REFERENCES QRTZ_TRIGGERS(SCHED_NAME,TRIGGER_NAME,TRIGGER_GROUP)
);

CREATE TABLE QRTZ_BLOB_TRIGGERS
  (
    SCHED_NAME VARCHAR(120) NOT NULL,
    TRIGGER_NAME VARCHAR(200) NOT NULL,
    TRIGGER_GROUP VARCHAR(200) NOT NULL,
    BLOB_DATA BLOB NULL,
    PRIMARY KEY (SCHED_NAME,TRIGGER_NAME,TRIGGER_GROUP),
    FOREIGN KEY (SCHED_NAME,TRIGGER_NAME,TRIGGER_GROUP)
        REFERENCES QRTZ_TRIGGERS(SCHED_NAME,TRIGGER_NAME,TRIGGER_GROUP)
);

CREATE TABLE QRTZ_CALENDARS
  (
    SCHED_NAME VARCHAR(120) NOT NULL,
    CALENDAR_NAME  VARCHAR(200) NOT NULL,
    CALENDAR BLOB NOT NULL,
    PRIMARY KEY (SCHED_NAME,CALENDAR_NAME)
);

CREATE TABLE QRTZ_PAUSED_TRIGGER_GRPS
  (
    SCHED_NAME VARCHAR(120) NOT NULL,
    TRIGGER_GROUP  VARCHAR(200) NOT NULL,
    PRIMARY KEY (SCHED_NAME,TRIGGER_GROUP)
);

CREATE TABLE QRTZ_FIRED_TRIGGERS
  (
    SCHED_NAME VARCHAR(120) NOT NULL,
    ENTRY_ID VARCHAR(95) NOT NULL,
    TRIGGER_NAME VARCHAR(200) NOT NULL,
    TRIGGER_GROUP VARCHAR(200) NOT NULL,
    INSTANCE_NAME VARCHAR(200) NOT NULL,
    FIRED_TIME BIGINT(13) NOT NULL,
    SCHED_TIME BIGINT(13) NOT NULL,
    PRIORITY INTEGER NOT NULL,
    STATE VARCHAR(16) NOT NULL,
    JOB_NAME VARCHAR(200) NULL,
    JOB_GROUP VARCHAR(200) NULL,
    IS_NONCONCURRENT VARCHAR(1) NULL,
    REQUESTS_RECOVERY VARCHAR(1) NULL,
    PRIMARY KEY (SCHED_NAME,ENTRY_ID)
);

CREATE TABLE QRTZ_SCHEDULER_STATE
  (
    SCHED_NAME VARCHAR(120) NOT NULL,
    INSTANCE_NAME VARCHAR(200) NOT NULL,
    LAST_CHECKIN_TIME BIGINT(13) NOT NULL,
    CHECKIN_INTERVAL BIGINT(13) NOT NULL,
    PRIMARY KEY (SCHED_NAME,INSTANCE_NAME)
);

CREATE TABLE QRTZ_LOCKS
  (
    SCHED_NAME VARCHAR(120) NOT NULL,
    LOCK_NAME  VARCHAR(40) NOT NULL,
    PRIMARY KEY (SCHED_NAME,LOCK_NAME)
);

-- ----------------------------
-- Table structure for gen_datasource_conf
-- ----------------------------
DROP TABLE IF EXISTS `gen_datasource_conf`;
CREATE TABLE `gen_datasource_conf` (
  `id` bigint NOT NULL COMMENT 'дё»й”®',
  `name` varchar(64)  DEFAULT NULL COMMENT 'еҲ«еҗҚ',
  `url` varchar(255)  DEFAULT NULL COMMENT 'jdbcurl',
  `username` varchar(64)  DEFAULT NULL COMMENT 'з”ЁжҲ·еҗҚ',
  `password` varchar(64)  DEFAULT NULL COMMENT 'еҜҶз Ғ',
  `create_time` datetime DEFAULT CURRENT_TIMESTAMP COMMENT 'еҲӣе»әж—¶й—ҙ',
  `update_time` datetime DEFAULT CURRENT_TIMESTAMP ON UPDATE CURRENT_TIMESTAMP COMMENT 'жӣҙж–°',
  `del_flag` char(1)  DEFAULT '0' COMMENT 'еҲ йҷӨж Үи®°',
  `ds_type` varchar(64)  DEFAULT NULL COMMENT 'ж•°жҚ®еә“зұ»еһӢ',
  `conf_type` char(1)  DEFAULT NULL COMMENT 'й…ҚзҪ®зұ»еһӢ',
  `ds_name` varchar(64)  DEFAULT NULL COMMENT 'ж•°жҚ®еә“еҗҚз§°',
  `instance` varchar(64)  DEFAULT NULL COMMENT 'е®һдҫӢ',
  `port` int DEFAULT NULL COMMENT 'з«ҜеҸЈ',
  `host` varchar(128)  DEFAULT NULL COMMENT 'дё»жңә',
  PRIMARY KEY (`id`) USING BTREE
) ENGINE=InnoDB  COMMENT='ж•°жҚ®жәҗиЎЁ';

-- ----------------------------
-- Records of gen_datasource_conf
-- ----------------------------
BEGIN;
COMMIT;

-- ----------------------------
-- Table structure for gen_field_type
-- ----------------------------
DROP TABLE IF EXISTS `gen_field_type`;
CREATE TABLE `gen_field_type` (
  `id` bigint NOT NULL COMMENT 'дё»й”®',
  `column_type` varchar(200)  DEFAULT NULL COMMENT 'еӯ—ж®өзұ»еһӢ',
  `attr_type` varchar(200)  DEFAULT NULL COMMENT 'еұһжҖ§зұ»еһӢ',
  `package_name` varchar(200)  DEFAULT NULL COMMENT 'еұһжҖ§еҢ…еҗҚ',
  `create_time` datetime DEFAULT NULL COMMENT 'еҲӣе»әж—¶й—ҙ',
  `create_by` varchar(64)  DEFAULT NULL COMMENT 'еҲӣе»әдәә',
  `update_time` datetime DEFAULT NULL COMMENT 'дҝ®ж”№ж—¶й—ҙ',
  `update_by` varchar(64)  DEFAULT NULL COMMENT 'дҝ®ж”№дәә',
  `del_flag` char(1)  DEFAULT '0' COMMENT 'еҲ йҷӨж Үи®°',
  PRIMARY KEY (`id`),
  UNIQUE KEY `column_type` (`column_type`)
) ENGINE=InnoDB AUTO_INCREMENT=1634915190321451010  COMMENT='еӯ—ж®өзұ»еһӢз®ЎзҗҶ';

-- ----------------------------
-- Records of gen_field_type
-- ----------------------------
BEGIN;
INSERT INTO `gen_field_type` VALUES (1, 'datetime', 'LocalDateTime', 'java.time.LocalDateTime', '2023-02-06 08:45:10', NULL, NULL, NULL, '0');
INSERT INTO `gen_field_type` VALUES (2, 'date', 'LocalDate', 'java.time.LocalDate', '2023-02-06 08:45:10', NULL, NULL, NULL, '0');
INSERT INTO `gen_field_type` VALUES (3, 'tinyint', 'Integer', NULL, '2023-02-06 08:45:11', NULL, NULL, NULL, '0');
INSERT INTO `gen_field_type` VALUES (4, 'smallint', 'Integer', NULL, '2023-02-06 08:45:11', NULL, NULL, NULL, '0');
INSERT INTO `gen_field_type` VALUES (5, 'mediumint', 'Integer', NULL, '2023-02-06 08:45:11', NULL, NULL, NULL, '0');
INSERT INTO `gen_field_type` VALUES (6, 'int', 'Integer', NULL, '2023-02-06 08:45:11', NULL, NULL, NULL, '0');
INSERT INTO `gen_field_type` VALUES (7, 'integer', 'Integer', NULL, '2023-02-06 08:45:11', NULL, NULL, NULL, '0');
INSERT INTO `gen_field_type` VALUES (8, 'bigint', 'Long', NULL, '2023-02-06 08:45:11', NULL, NULL, NULL, '0');
INSERT INTO `gen_field_type` VALUES (9, 'float', 'Float', NULL, '2023-02-06 08:45:11', NULL, NULL, NULL, '0');
INSERT INTO `gen_field_type` VALUES (10, 'double', 'Double', NULL, '2023-02-06 08:45:11', NULL, NULL, NULL, '0');
INSERT INTO `gen_field_type` VALUES (11, 'decimal', 'BigDecimal', 'java.math.BigDecimal', '2023-02-06 08:45:11', NULL, NULL, NULL, '0');
INSERT INTO `gen_field_type` VALUES (12, 'bit', 'Boolean', NULL, '2023-02-06 08:45:11', NULL, NULL, NULL, '0');
INSERT INTO `gen_field_type` VALUES (13, 'char', 'String', NULL, '2023-02-06 08:45:11', NULL, NULL, NULL, '0');
INSERT INTO `gen_field_type` VALUES (14, 'varchar', 'String', NULL, '2023-02-06 08:45:11', NULL, NULL, NULL, '0');
INSERT INTO `gen_field_type` VALUES (15, 'tinytext', 'String', NULL, '2023-02-06 08:45:11', NULL, NULL, NULL, '0');
INSERT INTO `gen_field_type` VALUES (16, 'text', 'String', NULL, '2023-02-06 08:45:11', NULL, NULL, NULL, '0');
INSERT INTO `gen_field_type` VALUES (17, 'mediumtext', 'String', NULL, '2023-02-06 08:45:11', NULL, NULL, NULL, '0');
INSERT INTO `gen_field_type` VALUES (18, 'longtext', 'String', NULL, '2023-02-06 08:45:11', NULL, NULL, NULL, '0');
INSERT INTO `gen_field_type` VALUES (19, 'timestamp', 'LocalDateTime', 'java.time.LocalDateTime', '2023-02-06 08:45:11', NULL, NULL, NULL, '0');
INSERT INTO `gen_field_type` VALUES (20, 'NUMBER', 'Integer', NULL, '2023-02-06 08:45:11', NULL, NULL, NULL, '0');
INSERT INTO `gen_field_type` VALUES (21, 'BINARY_INTEGER', 'Integer', NULL, '2023-02-06 08:45:12', NULL, NULL, NULL, '0');
INSERT INTO `gen_field_type` VALUES (22, 'BINARY_FLOAT', 'Float', NULL, '2023-02-06 08:45:12', NULL, NULL, NULL, '0');
INSERT INTO `gen_field_type` VALUES (23, 'BINARY_DOUBLE', 'Double', NULL, '2023-02-06 08:45:12', NULL, NULL, NULL, '0');
INSERT INTO `gen_field_type` VALUES (24, 'VARCHAR2', 'String', NULL, '2023-02-06 08:45:12', NULL, NULL, NULL, '0');
INSERT INTO `gen_field_type` VALUES (25, 'NVARCHAR', 'String', NULL, '2023-02-06 08:45:12', NULL, NULL, NULL, '0');
INSERT INTO `gen_field_type` VALUES (26, 'NVARCHAR2', 'String', NULL, '2023-02-06 08:45:12', NULL, NULL, NULL, '0');
INSERT INTO `gen_field_type` VALUES (27, 'CLOB', 'String', NULL, '2023-02-06 08:45:12', NULL, NULL, NULL, '0');
INSERT INTO `gen_field_type` VALUES (28, 'int8', 'Long', NULL, '2023-02-06 08:45:12', NULL, NULL, NULL, '0');
INSERT INTO `gen_field_type` VALUES (29, 'int4', 'Integer', NULL, '2023-02-06 08:45:12', NULL, NULL, NULL, '0');
INSERT INTO `gen_field_type` VALUES (30, 'int2', 'Integer', NULL, '2023-02-06 08:45:12', NULL, NULL, NULL, '0');
INSERT INTO `gen_field_type` VALUES (31, 'numeric', 'BigDecimal', 'java.math.BigDecimal', '2023-02-06 08:45:12', NULL, NULL, NULL, '0');
INSERT INTO `gen_field_type` VALUES (32, 'json', 'String', NULL, '2023-02-06 08:45:12', NULL, NULL, NULL, '0');
COMMIT;

-- ----------------------------
-- Table structure for gen_group
-- ----------------------------
DROP TABLE IF EXISTS `gen_group`;
CREATE TABLE `gen_group` (
  `id` bigint NOT NULL,
  `group_name` varchar(255)  DEFAULT NULL COMMENT 'еҲҶз»„еҗҚз§°',
  `group_desc` varchar(255)  DEFAULT NULL COMMENT 'еҲҶз»„жҸҸиҝ°',
  `create_by` varchar(64) DEFAULT NULL COMMENT 'еҲӣе»әдәә',
  `update_by` varchar(64) DEFAULT NULL COMMENT 'дҝ®ж”№дәә',
  `create_time` datetime DEFAULT NULL COMMENT 'еҲӣе»әдәә',
  `update_time` datetime DEFAULT NULL COMMENT 'дҝ®ж”№дәә',
  `del_flag` char(1)  DEFAULT '0' COMMENT 'еҲ йҷӨж Үи®°',
  PRIMARY KEY (`id`)
) ENGINE=InnoDB  COMMENT='жЁЎжқҝеҲҶз»„';


-- ----------------------------
-- Table structure for gen_table
-- ----------------------------
DROP TABLE IF EXISTS `gen_table`;
CREATE TABLE `gen_table` (
  `id` bigint NOT NULL,
  `table_name` varchar(200)  DEFAULT NULL COMMENT 'иЎЁеҗҚ',
  `class_name` varchar(200)  DEFAULT NULL COMMENT 'зұ»еҗҚ',
  `db_type` varchar(200)  DEFAULT NULL COMMENT 'ж•°жҚ®еә“зұ»еһӢ',
  `table_comment` varchar(200)  DEFAULT NULL COMMENT 'иҜҙжҳҺ',
  `author` varchar(200)  DEFAULT NULL COMMENT 'дҪңиҖ…',
  `email` varchar(200)  DEFAULT NULL COMMENT 'йӮ®з®ұ',
  `package_name` varchar(200)  DEFAULT NULL COMMENT 'йЎ№зӣ®еҢ…еҗҚ',
  `version` varchar(200)  DEFAULT NULL COMMENT 'йЎ№зӣ®зүҲжң¬еҸ·',
  `i18n` char(1)  DEFAULT '0' COMMENT 'жҳҜеҗҰз”ҹжҲҗеёҰжңүi18n 0 дёҚеёҰжңү 1еёҰжңү',
  `style`  bigint DEFAULT NULL COMMENT 'д»Јз ҒйЈҺж ј',
  `child_table_name` varchar(200)  DEFAULT NULL COMMENT 'еӯҗиЎЁеҗҚз§°',
  `main_field` varchar(200)  DEFAULT NULL COMMENT 'дё»иЎЁе…іиҒ”й”®',
  `child_field` varchar(200)  DEFAULT NULL COMMENT 'еӯҗиЎЁе…іиҒ”й”®',
  `generator_type` char(1)  DEFAULT '0' COMMENT 'з”ҹжҲҗж–№ејҸ  0пјҡzipеҺӢзј©еҢ…   1пјҡиҮӘе®ҡд№үзӣ®еҪ•',
  `backend_path` varchar(500)  DEFAULT NULL COMMENT 'еҗҺз«Ҝз”ҹжҲҗи·Ҝеҫ„',
  `frontend_path` varchar(500)  DEFAULT NULL COMMENT 'еүҚз«Ҝз”ҹжҲҗи·Ҝеҫ„',
  `module_name` varchar(200)  DEFAULT NULL COMMENT 'жЁЎеқ—еҗҚ',
  `function_name` varchar(200)  DEFAULT NULL COMMENT 'еҠҹиғҪеҗҚ',
  `form_layout` tinyint DEFAULT NULL COMMENT 'иЎЁеҚ•еёғеұҖ  1пјҡдёҖеҲ—   2пјҡдёӨеҲ—',
  `ds_name` varchar(200)  DEFAULT NULL COMMENT 'ж•°жҚ®жәҗID',
  `baseclass_id` bigint DEFAULT NULL COMMENT 'еҹәзұ»ID',
  `create_time` datetime DEFAULT NULL COMMENT 'еҲӣе»әж—¶й—ҙ',
  PRIMARY KEY (`id`),
  UNIQUE KEY `table_name` (`table_name`,`ds_name`) USING BTREE
) ENGINE=InnoDB  COMMENT='д»Јз Ғз”ҹжҲҗиЎЁ';

-- ----------------------------
-- Records of gen_table
-- ----------------------------
BEGIN;
COMMIT;

-- ----------------------------
-- Table structure for gen_table_column
-- ----------------------------
DROP TABLE IF EXISTS `gen_table_column`;
CREATE TABLE `gen_table_column` (
  `id` bigint NOT NULL,
  `ds_name` varchar(200)  DEFAULT NULL COMMENT 'ж•°жҚ®жәҗеҗҚз§°',
  `table_name` varchar(200)  DEFAULT NULL COMMENT 'иЎЁеҗҚз§°',
  `field_name` varchar(200)  DEFAULT NULL COMMENT 'еӯ—ж®өеҗҚз§°',
  `field_type` varchar(200)  DEFAULT NULL COMMENT 'еӯ—ж®өзұ»еһӢ',
  `field_comment` varchar(200)  DEFAULT NULL COMMENT 'еӯ—ж®өиҜҙжҳҺ',
  `attr_name` varchar(200)  DEFAULT NULL COMMENT 'еұһжҖ§еҗҚ',
  `attr_type` varchar(200)  DEFAULT NULL COMMENT 'еұһжҖ§зұ»еһӢ',
  `package_name` varchar(200)  DEFAULT NULL COMMENT 'еұһжҖ§еҢ…еҗҚ',
  `sort` int DEFAULT NULL COMMENT 'жҺ’еәҸ',
  `auto_fill` varchar(20)  DEFAULT NULL COMMENT 'иҮӘеҠЁеЎ«е……  DEFAULTгҖҒINSERTгҖҒUPDATEгҖҒINSERT_UPDATE',
  `primary_pk` char(1)  DEFAULT '0' COMMENT 'дё»й”® 0пјҡеҗҰ  1пјҡжҳҜ',
  `base_field` char(1)  DEFAULT '0' COMMENT 'еҹәзұ»еӯ—ж®ө 0пјҡеҗҰ  1пјҡжҳҜ',
  `form_item` char(1)  DEFAULT '0' COMMENT 'иЎЁеҚ•йЎ№ 0пјҡеҗҰ  1пјҡжҳҜ',
  `form_required` char(1)  DEFAULT '0' COMMENT 'иЎЁеҚ•еҝ…еЎ« 0пјҡеҗҰ  1пјҡжҳҜ',
  `form_type` varchar(200)  DEFAULT NULL COMMENT 'иЎЁеҚ•зұ»еһӢ',
  `form_validator` varchar(200)  DEFAULT NULL COMMENT 'иЎЁеҚ•ж•ҲйӘҢ',
  `grid_item` char(1)  DEFAULT '0' COMMENT 'еҲ—иЎЁйЎ№ 0пјҡеҗҰ  1пјҡжҳҜ',
  `grid_sort` char(1)  DEFAULT '0' COMMENT 'еҲ—иЎЁжҺ’еәҸ 0пјҡеҗҰ  1пјҡжҳҜ',
  `query_item` char(1)  DEFAULT '0' COMMENT 'жҹҘиҜўйЎ№ 0пјҡеҗҰ  1пјҡжҳҜ',
  `query_type` varchar(200)  DEFAULT NULL COMMENT 'жҹҘиҜўж–№ејҸ',
  `query_form_type` varchar(200)  DEFAULT NULL COMMENT 'жҹҘиҜўиЎЁеҚ•зұ»еһӢ',
  `field_dict` varchar(200)  DEFAULT NULL COMMENT 'еӯ—е…ёзұ»еһӢ',
  PRIMARY KEY (`id`)
) ENGINE=InnoDB  COMMENT='д»Јз Ғз”ҹжҲҗиЎЁеӯ—ж®ө';

-- ----------------------------
-- Records of gen_table_column
-- ----------------------------
BEGIN;
COMMIT;

-- ----------------------------
-- Table structure for gen_template
-- ----------------------------
DROP TABLE IF EXISTS `gen_template`;
CREATE TABLE `gen_template` (
  `id` bigint NOT NULL COMMENT 'дё»й”®',
  `template_name` varchar(255)  NOT NULL COMMENT 'жЁЎжқҝеҗҚз§°',
  `generator_path` varchar(255)  NOT NULL COMMENT 'жЁЎжқҝи·Ҝеҫ„',
  `template_desc` varchar(255)  NOT NULL COMMENT 'жЁЎжқҝжҸҸиҝ°',
  `template_code` text  NOT NULL COMMENT 'жЁЎжқҝд»Јз Ғ',
  `create_time` datetime DEFAULT CURRENT_TIMESTAMP COMMENT 'еҲӣе»әж—¶й—ҙ',
  `update_time` datetime DEFAULT CURRENT_TIMESTAMP ON UPDATE CURRENT_TIMESTAMP COMMENT 'жӣҙж–°',
  `del_flag` char(1)  NOT NULL DEFAULT '0' COMMENT 'еҲ йҷӨж Үи®°',
  `create_by` varchar(64) DEFAULT NULL COMMENT 'еҲӣе»әдәә',
  `update_by` varchar(64) DEFAULT NULL COMMENT 'дҝ®ж”№дәә',
  PRIMARY KEY (`id`)
) ENGINE=InnoDB  COMMENT='жЁЎжқҝ';


-- ----------------------------
-- Table structure for gen_template_group
-- ----------------------------
DROP TABLE IF EXISTS `gen_template_group`;
CREATE TABLE `gen_template_group` (
  `group_id` bigint NOT NULL COMMENT 'еҲҶз»„id',
  `template_id` bigint NOT NULL COMMENT 'жЁЎжқҝid',
  PRIMARY KEY (`group_id`,`template_id`)
) ENGINE=InnoDB  COMMENT='жЁЎжқҝеҲҶз»„е…іиҒ”иЎЁ';

SET FOREIGN_KEY_CHECKS = 1;
